Drug Name,SMILES
Cetuximab,N/A
Leuprolide,N/A
Goserelin,N/A
Erythropoietin,C[C@@H]1C/C=C/C=C/[C@@H]([C@@H](C[C@@H]([C@@H]([C@H]([C@@H](CC(=O)O1)O)OC)O[C@H]2[C@@H]([C@H]([C@@H]([C@H](O2)C)O[C@H]3C[C@@]([C@H]([C@@H](O3)C)O)(C)O)N(C)C)O)CCO)C)O[C@H]4C[C@@]([C@H]([C@@H](O4)C)O)(C)O
Pegfilgrastim,N/A
Sargramostim,N/A
Thyrotropin alfa,N/A
Anakinra,N/A
Oprelvekin,N/A
Palifermin,N/A
Aldesleukin,N/A
Rasburicase,N/A
Gemtuzumab ozogamicin,N/A
Indium In-111 satumomab pendetide,N/A
Trastuzumab,N/A
Rituximab,N/A
Capromab pendetide,N/A
Filgrastim,N/A
Octreotide,C[C@H]([C@H]1C(=O)N[C@@H](CSSC[C@@H](C(=O)N[C@H](C(=O)N[C@@H](C(=O)N[C@H](C(=O)N1)CCCCN)CC2=CNC3=CC=CC=C32)CC4=CC=CC=C4)NC(=O)[C@@H](CC5=CC=CC=C5)N)C(=O)N[C@H](CO)[C@@H](C)O)O
Abarelix,N/A
Bevacizumab,N/A
Technetium Tc-99m arcitumomab,[99Tc]
Masoprocol,C[C@H](CC1=CC(=C(C=C1)O)O)[C@@H](C)CC2=CC(=C(C=C2)O)O
Lorazepam,N/A
Fluconazole,C1=CC(=C(C=C1F)F)C(CN2C=NC=N2)(CN3C=NC=N3)O
Hydroxocobalamin,CC1=CC2=C(C=C1C)N(C=N2)[C@@H]3[C@@H]([C@@H]([C@H](O3)CO)OP(=O)([O-])O[C@H](C)CNC(=O)CC[C@@]\4([C@H]([C@@H]5[C@]6([C@@]([C@@H](C(=N6)/C(=C\7/[C@@]([C@@H](C(=N7)/C=C\8/C([C@@H](C(=N8)/C(=C4\[N-]5)/C)CCC(=O)N)(C)C)CCC(=O)N)(C)CC(=O)N)/C)CCC(=O)N)(C)CC(=O)N)C)CC(=O)N)C)O.[OH-].[Co+3]
Diethylstilbestrol,CC/C(=C(/CC)\C1=CC=C(C=C1)O)/C2=CC=C(C=C2)O
Clotrimazole,C1=CC=C(C=C1)C(C2=CC=CC=C2)(C3=CC=CC=C3Cl)N4C=CN=C4
Carmustine,C(CCl)NC(=O)N(CCCl)N=O
Chlorotrianisene,COC1=CC=C(C=C1)C(=C(C2=CC=C(C=C2)OC)Cl)C3=CC=C(C=C3)OC
Liothyronine,N/A
Pamidronic acid,C(CN)C(O)(P(=O)(O)O)P(=O)(O)O
Conjugated estrogens,N/A
Bleomycin,CC1=C(N=C(N=C1N)[C@H](CC(=O)N)NC[C@@H](C(=O)N)N)C(=O)N[C@@H]([C@H](C2=CN=CN2)OC3C(C(C(C(O3)CO)O)O)OC4C(C(C(C(O4)CO)O)OC(=O)N)O)C(=O)N[C@H](C)[C@H]([C@H](C)C(=O)N[C@@H]([C@@H](C)O)C(=O)NCCC5=NC(=CS5)C6=NC(=CS6)C(=O)NCCC[S+](C)C)O
Mitomycin,CC1=C(C(=O)C2=C(C1=O)N3C[C@H]4[C@@H]([C@@]3([C@@H]2COC(=O)N)OC)N4)N
Gefitinib,COC1=C(C=C2C(=C1)N=CN=C2NC3=CC(=C(C=C3)F)Cl)OCCCN4CCOCC4
Floxuridine,N/A
Megestrol acetate,CC1=C[C@@H]2[C@H](CC[C@]3([C@H]2CC[C@@]3(C(=O)C)OC(=O)C)C)[C@@]4(C1=CC(=O)CC4)C
Aminoglutethimide,N/A
Vinorelbine,CCC1=C[C@H]2C[C@@](C3=C(CN(C2)C1)C4=CC=CC=C4N3)(C5=C(C=C6C(=C5)[C@]78CCN9[C@H]7[C@@](C=CC9)([C@H]([C@@]([C@@H]8N6C)(C(=O)OC)O)OC(=O)C)CC)OC)C(=O)OC
Palonosetron,C1C[C@@H]2CN(C(=O)C3=CC=CC(=C23)C1)[C@@H]4CN5CCC4CC5
Dexrazoxane,C[C@@H](CN1CC(=O)NC(=O)C1)N2CC(=O)NC(=O)C2
Valrubicin,CCCCC(=O)OCC(=O)[C@]1(C[C@@H](C2=C(C1)C(=C3C(=C2O)C(=O)C4=C(C3=O)C=CC=C4OC)O)O[C@H]5C[C@@H]([C@@H]([C@@H](O5)C)O)NC(=O)C(F)(F)F)O
Progesterone,N/A
Sorafenib,N/A
Zoledronic acid,C1=CN(C=N1)CC(O)(P(=O)(O)O)P(=O)(O)O
Streptozocin,CN(C(=O)N[C@@H]1[C@H]([C@@H]([C@H](O[C@@H]1O)CO)O)O)N=O
Trifluridine,N/A
Allopurinol,C1=NNC2=C1C(=O)NC=N2
Gemcitabine,C1=CN(C(=O)N=C1N)[C@H]2C([C@@H]([C@H](O2)CO)O)(F)F
Epirubicin,C[C@H]1[C@@H]([C@H](C[C@@H](O1)O[C@H]2C[C@@](CC3=C2C(=C4C(=C3O)C(=O)C5=C(C4=O)C(=CC=C5)OC)O)(C(=O)CO)O)N)O
Levothyroxine,C1=C(C=C(C(=C1I)OC2=CC(=C(C(=C2)I)O)I)I)C[C@@H](C(=O)O)N
Verteporfin,N/A
Dronabinol,CCCCCC1=CC(=C2[C@@H]3C=C(CC[C@H]3C(OC2=C1)(C)C)C)O
Duloxetine,N/A
Raloxifene,N/A
Nabilone,CCCCCCC(C)(C)C1=CC(=C2[C@@H]3CC(=O)CC[C@H]3C(OC2=C1)(C)C)O
Altretamine,CN(C)C1=NC(=NC(=N1)N(C)C)N(C)C
Flutamide,CC(C)C(=O)NC1=CC(=C(C=C1)[N+](=O)[O-])C(F)(F)F
Cisplatin,N.N.Cl[Pt]Cl
Oxaliplatin,C1CC[C@H]([C@@H](C1)[NH-])[NH-].C(=O)(C(=O)O)O.[Pt+2]
Erlotinib,COCCOC1=C(C=C2C(=C1)C(=NC=N2)NC3=CC=CC(=C3)C#C)OCCOC
Cyclophosphamide,C1CNP(=O)(OC1)N(CCCl)CCCl
Gadoversetamide,COCCNC(=O)CN(CCN(CCN(CC(=O)NCCOC)CC(=O)[O-])CC(=O)[O-])CC(=O)[O-].[Gd+3]
Toremifene,CN(C)CCOC1=CC=C(C=C1)/C(=C(/CCCl)\C2=CC=CC=C2)/C3=CC=CC=C3
Vincristine,CC[C@@]1(C[C@@H]2C[C@@](C3=C(CCN(C2)C1)C4=CC=CC=C4N3)(C5=C(C=C6C(=C5)[C@]78CCN9[C@H]7[C@@](C=CC9)([C@H]([C@@]([C@@H]8N6C=O)(C(=O)OC)O)OC(=O)C)CC)OC)C(=O)OC)O
Fluorouracil,C1=C(C(=O)NC(=O)N1)F
Methotrexate,CN(CC1=CN=C2C(=N1)C(=NC(=N2)N)N)C3=CC=C(C=C3)C(=O)N[C@@H](CCC(=O)O)C(=O)O
Fondaparinux,CO[C@@H]1[C@@H]([C@H]([C@@H]([C@H](O1)COS(=O)(=O)O)O[C@H]2[C@@H]([C@H]([C@@H]([C@@H](O2)C(=O)O)O[C@@H]3[C@@H]([C@H]([C@@H]([C@H](O3)COS(=O)(=O)O)O[C@H]4[C@@H]([C@H]([C@@H]([C@H](O4)C(=O)O)O[C@@H]5[C@@H]([C@H]([C@@H]([C@H](O5)COS(=O)(=O)O)O)O)NS(=O)(=O)O)O)O)OS(=O)(=O)O)NS(=O)(=O)O)O)OS(=O)(=O)O)O)NS(=O)(=O)O
Vinblastine,CC[C@@]1(C[C@H]2C[C@@](C3=C(CCN(C2)C1)C4=CC=CC=C4N3)(C5=C(C=C6C(=C5)[C@]78CCN9[C@H]7[C@@](C=CC9)([C@H]([C@@]([C@@H]8N6C)(C(=O)OC)O)OC(=O)C)CC)OC)C(=O)OC)O
Clonidine,C1CN=C(N1)NC2=C(C=CC=C2Cl)Cl
Lactulose,C([C@@H]1[C@@H]([C@@H]([C@H]([C@@H](O1)O[C@@H]2[C@H](O[C@@]([C@H]2O)(CO)O)CO)O)O)O)O
Medroxyprogesterone acetate,C[C@H]1C[C@@H]2[C@H](CC[C@]3([C@H]2CC[C@@]3(C(=O)C)OC(=O)C)C)[C@@]4(C1=CC(=O)CC4)C
Imatinib,CC1=C(C=C(C=C1)NC(=O)C2=CC=C(C=C2)CN3CCN(CC3)C)NC4=NC=CC(=N4)C5=CN=CC=C5
Triamcinolone,C[C@]12C[C@@H]([C@]3([C@H]([C@@H]1C[C@H]([C@@]2(C(=O)CO)O)O)CCC4=CC(=O)C=C[C@@]43C)F)O
Pemetrexed,C1=CC(=CC=C1CCC2=CNC3=C2C(=O)NC(=N3)N)C(=O)N[C@@H](CCC(=O)O)C(=O)O
Gonadorelin,CC(C)C[C@@H](C(=O)N[C@@H](CCCN=C(N)N)C(=O)N1CCC[C@H]1C(=O)NCC(=O)N)NC(=O)CNC(=O)[C@H](CC2=CC=C(C=C2)O)NC(=O)[C@H](CO)NC(=O)[C@H](CC3=CNC4=CC=CC=C43)NC(=O)[C@H](CC5=CN=CN5)NC(=O)[C@@H]6CCC(=O)N6
Mitotane,C1=CC=C(C(=C1)C(C2=CC=C(C=C2)Cl)C(Cl)Cl)Cl
Leucovorin,C1C(N(C2=C(N1)N=C(NC2=O)N)C=O)CNC3=CC=C(C=C3)C(=O)N[C@@H](CCC(=O)O)C(=O)O
Nilutamide,CC1(C(=O)N(C(=O)N1)C2=CC(=C(C=C2)[N+](=O)[O-])C(F)(F)F)C
Aprepitant,C[C@H](C1=CC(=CC(=C1)C(F)(F)F)C(F)(F)F)O[C@@H]2[C@@H](N(CCO2)CC3=NNC(=O)N3)C4=CC=C(C=C4)F
Tamoxifen,CC/C(=C(\C1=CC=CC=C1)/C2=CC=C(C=C2)OCCN(C)C)/C3=CC=CC=C3
Midazolam,CC1=NC=C2N1C3=C(C=C(C=C3)Cl)C(=NC2)C4=CC=CC=C4F
Porfimer sodium,N/A
Clodronic acid,C(P(=O)(O)O)(P(=O)(O)O)(Cl)Cl
Tretinoin,CC1=C(C(CCC1)(C)C)/C=C/C(=C/C=C/C(=C/C(=O)O)/C)/C
Dolasetron,C1[C@@H]2CC(C[C@H]3N2CC(=O)C1C3)OC(=O)C4=CNC5=CC=CC=C54
Irinotecan,CCC1=C2CN3C(=CC4=C(C3=O)COC(=O)[C@@]4(CC)O)C2=NC5=C1C=C(C=C5)OC(=O)N6CCC(CC6)N7CCCCC7
Etoposide,C[C@@H]1OC[C@@H]2[C@@H](O1)[C@@H]([C@H]([C@@H](O2)O[C@H]3[C@H]4COC(=O)[C@@H]4[C@@H](C5=CC6=C(C=C35)OCO6)C7=CC(=C(C(=C7)OC)O)OC)O)O
Estradiol,C[C@]12CC[C@H]3[C@H]([C@@H]1CC[C@@H]2O)CCC4=C3C=CC(=C4)O
Marimastat,CC(C)C[C@H]([C@@H](C(=O)NO)O)C(=O)N[C@H](C(=O)NC)C(C)(C)C
Uracil mustard,C1=C(C(=O)NC(=O)N1)N(CCCl)CCCl
Fentanyl,CCC(=O)N(C1CCN(CC1)CCC2=CC=CC=C2)C3=CC=CC=C3
Loperamide,CN(C)C(=O)C(CCN1CCC(CC1)(C2=CC=C(C=C2)Cl)O)(C3=CC=CC=C3)C4=CC=CC=C4
Levamisole,C1CSC2=N[C@H](CN21)C3=CC=CC=C3
Dacarbazine,CN(C)/N=N/C1=C(NC=N1)C(=O)N
Sirolimus,C[C@@H]1CC[C@H]2C[C@@H](/C(=C/C=C/C=C/[C@H](C[C@H](C(=O)[C@@H]([C@@H](/C(=C/[C@H](C(=O)C[C@H](OC(=O)[C@@H]3CCCCN3C(=O)C(=O)[C@@]1(O2)O)[C@H](C)C[C@@H]4CC[C@H]([C@@H](C4)OC)O)C)/C)O)OC)C)C)/C)OC
Mechlorethamine,CN(CCCl)CCCl
Granisetron,CN1[C@@H]2CCC[C@H]1CC(C2)NC(=O)C3=NN(C4=CC=CC=C43)C
Testolactone,C[C@]12CC[C@H]3[C@H]([C@@H]1CCC(=O)O2)CCC4=CC(=O)C=C[C@]34C
Ethanol,CCO
Ondansetron,CC1=NC=CN1CC2CCC3=C(C2=O)C4=CC=CC=C4N3C
Azacitidine,C1=NC(=NC(=O)N1[C@H]2[C@@H]([C@@H]([C@H](O2)CO)O)O)N
Fulvestrant,C[C@]12CC[C@H]3[C@H]([C@@H]1CC[C@@H]2O)[C@@H](CC4=C3C=CC(=C4)O)CCCCCCCCCS(=O)CCCC(C(F)(F)F)(F)F
Carboplatin,C1CC(C1)(C(=O)O)C(=O)O.[NH2-].[NH2-].[Pt+2]
Ethiodized oil,N/A
Dactinomycin,C[C@@H]1[C@@H](C(=O)N[C@@H](C(=O)N2CCC[C@H]2C(=O)N(CC(=O)N([C@H](C(=O)O1)C(C)C)C)C)C(C)C)NC(=O)C3=C4C(=C(C=C3)C)OC5=C(C(=O)C(=C(C5=N4)C(=O)N[C@H]6[C@H](OC(=O)[C@@H](N(C(=O)CN(C(=O)[C@@H]7CCCN7C(=O)[C@H](NC6=O)C(C)C)C)C)C(C)C)C)N)C
Nandrolone phenpropionate,C[C@]12CC[C@H]3[C@H]([C@@H]1CC[C@@H]2OC(=O)CCC4=CC=CC=C4)CCC5=CC(=O)CC[C@H]35
Exemestane,C[C@]12CC[C@H]3[C@H]([C@@H]1CCC2=O)CC(=C)C4=CC(=O)C=C[C@]34C
Doxorubicin,C[C@H]1[C@H]([C@H](C[C@@H](O1)O[C@H]2C[C@@](CC3=C2C(=C4C(=C3O)C(=O)C5=C(C4=O)C(=CC=C5)OC)O)(C(=O)CO)O)N)O
Letrozole,C1=CC(=CC=C1C#N)C(C2=CC=C(C=C2)C#N)N3C=NC=N3
Cinacalcet,C[C@H](C1=CC=CC2=CC=CC=C21)NCCCC3=CC(=CC=C3)C(F)(F)F
Topotecan,CC[C@@]1(C2=C(COC1=O)C(=O)N3CC4=CC5=C(C=CC(=C5CN(C)C)O)N=C4C3=C2)O
Melphalan,C1=CC(=CC=C1C[C@@H](C(=O)O)N)N(CCCl)CCCl
Lubiprostone,CCCCC([C@]1(CC[C@H]2[C@H](O1)CC(=O)[C@@H]2CCCCCCC(=O)O)O)(F)F
Ibuprofen,CC(C)CC1=CC=C(C=C1)C(C)C(=O)O
Melatonin,CC(=O)NCCC1=CNC2=C1C=C(C=C2)OC
Pilocarpine,CC[C@H]1[C@H](COC1=O)CC2=CN=CN2C
Hesperetin,COC1=C(C=C(C=C1)[C@@H]2CC(=O)C3=C(C=C(C=C3O2)O)O)O
Capecitabine,CCCCCOC(=O)NC1=NC(=O)N(C=C1F)[C@H]2[C@@H]([C@@H]([C@H](O2)C)O)O
Diazoxide,CC1=NS(=O)(=O)C2=C(N1)C=CC(=C2)Cl
Bicalutamide,CC(CS(=O)(=O)C1=CC=C(C=C1)F)(C(=O)NC2=CC(=C(C=C2)C#N)C(F)(F)F)O
Amifostine,C(CN)CNCCSP(=O)(O)O
Trimetrexate,CC1=C(C=CC2=C1C(=NC(=N2)N)N)CNC3=CC(=C(C(=C3)OC)OC)OC
Procarbazine,CC(C)NC(=O)C1=CC=C(C=C1)CNNC
Ifosfamide,C1CN(P(=O)(OC1)NCCCl)CCCl
Fluoxymesterone,C[C@]12CCC(=O)C=C1CC[C@@H]3[C@@]2([C@H](C[C@]4([C@H]3CC[C@]4(C)O)C)O)F
Iophendylate,CCOC(=O)CCCCCCCCC(C)C1=CC=C(C=C1)I
Estramustine,C[C@]12CC[C@H]3[C@H]([C@@H]1CC[C@@H]2O)CCC4=C3C=CC(=C4)OC(=O)N(CCCl)CCCl
Lomustine,C1CCC(CC1)NC(=O)N(CCCl)N=O
Anastrozole,CC(C)(C#N)C1=CC(=CC(=C1)CN2C=NC=N2)C(C)(C)C#N
Paclitaxel,CC1=C2[C@H](C(=O)[C@@]3([C@H](C[C@@H]4[C@]([C@H]3[C@@H]([C@@](C2(C)C)(C[C@@H]1OC(=O)[C@@H]([C@H](C5=CC=CC=C5)NC(=O)C6=CC=CC=C6)O)O)OC(=O)C7=CC=CC=C7)(CO4)OC(=O)C)O)C)OC(=O)C
Diphenidol,C1CCN(CC1)CCCC(C2=CC=CC=C2)(C3=CC=CC=C3)O
Metoclopramide,CCN(CC)CCNC(=O)C1=CC(=C(C=C1OC)N)Cl
Docetaxel,CC1=C2[C@H](C(=O)[C@@]3([C@H](C[C@@H]4[C@]([C@H]3[C@@H]([C@@](C2(C)C)(C[C@@H]1OC(=O)[C@@H]([C@H](C5=CC=CC=C5)NC(=O)OC(C)(C)C)O)O)OC(=O)C6=CC=CC=C6)(CO4)OC(=O)C)O)C)O
Dasatinib,CC1=C(C(=CC=C1)Cl)NC(=O)C2=CN=C(S2)NC3=CC(=NC(=N3)C)N4CCN(CC4)CCO
Lapatinib,CS(=O)(=O)CCNCC1=CC=C(O1)C2=CC3=C(C=C2)N=CN=C3NC4=CC(=C(C=C4)OCC5=CC(=CC=C5)F)Cl
Posaconazole,CC[C@@H]([C@H](C)O)N1C(=O)N(C=N1)C2=CC=C(C=C2)N3CCN(CC3)C4=CC=C(C=C4)OC[C@H]5C[C@](OC5)(CN6C=NC=N6)C7=C(C=C(C=C7)F)F
Sunitinib,CCN(CC)CCNC(=O)C1=C(NC(=C1C)/C=C\2/C3=C(C=CC(=C3)F)NC2=O)C
Panitumumab,N/A
Nelarabine,COC1=NC(=NC2=C1N=CN2[C@H]3[C@H]([C@@H]([C@H](O3)CO)O)O)N
Midomafetamine,CC(CC1=CC2=C(C=C1)OCO2)NC
Calusterone,C[C@H]1CC2=CC(=O)CC[C@@]2([C@@H]3[C@@H]1[C@@H]4CC[C@]([C@]4(CC3)C)(C)O)C
Liotrix,C1=CC(=C(C=C1OC2=C(C=C(C=C2I)C[C@@H](C(=O)[O-])N)I)I)O.C1=C(C=C(C(=C1I)OC2=CC(=C(C(=C2)I)O)I)I)C[C@@H](C(=O)[O-])N.[Na+].[Na+]
Everolimus,C[C@@H]1CC[C@H]2C[C@@H](/C(=C/C=C/C=C/[C@H](C[C@H](C(=O)[C@@H]([C@@H](/C(=C/[C@H](C(=O)C[C@H](OC(=O)[C@@H]3CCCCN3C(=O)C(=O)[C@@]1(O2)O)[C@H](C)C[C@@H]4CC[C@H]([C@@H](C4)OC)OCCO)C)/C)O)OC)C)C)/C)OC
Alverine,CCN(CCCC1=CC=CC=C1)CCCC2=CC=CC=C2
Genistein,C1=CC(=CC=C1C2=COC3=CC(=CC(=C3C2=O)O)O)O
Epothilone D,C[C@H]1CCC/C(=C\C[C@H](OC(=O)C[C@@H](C(C(=O)[C@@H]([C@H]1O)C)(C)C)O)/C(=C/C2=CSC(=N2)C)/C)/C
Equilin,C[C@]12CC[C@H]3C(=CCC4=C3C=CC(=C4)O)[C@@H]1CCC2=O
2-Methoxyestradiol,C[C@]12CC[C@H]3[C@H]([C@@H]1CC[C@@H]2O)CCC4=CC(=C(C=C34)OC)O
Patupilone,C[C@H]1CCC[C@@]2([C@@H](O2)C[C@H](OC(=O)C[C@@H](C(C(=O)[C@@H]([C@H]1O)C)(C)C)O)/C(=C/C3=CSC(=N3)C)/C)C
Oteracil,C1(=NC(=O)NC(=O)N1)C(=O)O
Ubenimex,CC(C)C[C@@H](C(=O)O)NC(=O)[C@H]([C@@H](CC1=CC=CC=C1)N)O
Alvocidib,CN1CC[C@@H]([C@@H](C1)O)C2=C(C=C(C3=C2OC(=CC3=O)C4=CC=CC=C4Cl)O)O
Eniluracil,C#CC1=CNC(=O)NC1=O
Thiotepa,C1CN1P(=S)(N2CC2)N3CC3
Quinestrol,C[C@]12CC[C@H]3[C@H]([C@@H]1CC[C@]2(C#C)O)CCC4=C3C=CC(=C4)OC5CCCC5
Camptothecin,CC[C@@]1(C2=C(COC1=O)C(=O)N3CC4=CC5=CC=CC=C5N=C4C3=C2)O
Inecalcitol,C[C@H](CC#CC(C)(C)O)[C@H]1CC[C@H]\2[C@@]1(CCC/C2=C\C=C3C[C@H](C[C@@H](C3)O)O)C
Metamizole,CC1=C(C(=O)N(N1C)C2=CC=CC=C2)N(C)CS(=O)(=O)O
Cyproterone acetate,CC(=O)[C@]1(CC[C@@H]2[C@@]1(CC[C@H]3[C@H]2C=C(C4=CC(=O)[C@@H]5C[C@@H]5[C@]34C)Cl)C)OC(=O)C
Ixabepilone,C[C@H]1CCC[C@@]2([C@@H](O2)C[C@H](NC(=O)C[C@@H](C(C(=O)[C@@H]([C@H]1O)C)(C)C)O)/C(=C/C3=CSC(=N3)C)/C)C
Cediranib,CC1=CC2=C(N1)C=CC(=C2F)OC3=NC=NC4=CC(=C(C=C43)OC)OCCCN5CCCC5
Biricodar,COC1=CC(=CC(=C1OC)OC)C(=O)C(=O)N2CCCC[C@H]2C(=O)OC(CCCC3=CN=CC=C3)CCCC4=CN=CC=C4
Tirapazamine,C1=CC=C2C(=C1)[N+](=C(N=[N+]2[O-])N)[O-]
Halofuginone,C1C[C@@H]([C@H](NC1)CC(=O)CN2C=NC3=CC(=C(C=C3C2=O)Cl)Br)O
Lintitript,C1=CC=C2C(=C1)C=C(N2CC(=O)O)C(=O)NC3=NC(=CS3)C4=CC=CC=C4Cl
Picoplatin,CC1=CC=CC=N1.N.[Cl-].[Cl-].[Pt+2]
Voacamine,CC[C@H]1C[C@H]2C[C@@]3([C@H]1N(C2)CCC4=C3NC5=CC(=C(C=C45)OC)[C@H]6C[C@@H]\7C([C@@H](CC8=C6NC9=CC=CC=C89)N(C/C7=C/C)C)C(=O)OC)C(=O)OC
Vatalanib,C1=CC=C2C(=C1)C(=NN=C2NC3=CC=C(C=C3)Cl)CC4=CC=NC=C4
Elacridar,COC1=CC=CC2=C1NC3=C(C2=O)C=CC=C3C(=O)NC4=CC=C(C=C4)CCN5CCC6=CC(=C(C=C6C5)OC)OC
Edotecarin,C1=CC2=C(C=C1O)NC3=C4C(=C5C(=C23)C(=O)N(C5=O)NC(CO)CO)C6=C(N4[C@H]7[C@@H]([C@H]([C@@H]([C@H](O7)CO)O)O)O)C=C(C=C6)O
AZD3409,CC(C)OC(=O)[C@H](CCSC)NC(=O)C1=C(C=CC(=C1)NC[C@@H]2C[C@@H](CN2)SC(=O)C3=CN=CC=C3)CCC4=CC=C(C=C4)F
Galiximab,N/A
Tesmilifene,CCN(CC)CCOC1=CC=C(C=C1)CC2=CC=CC=C2
Sitimagene ceradenovec,N/A
G17DT Immunogen,N/A
Idronoxil,C1C(=CC2=C(O1)C=C(C=C2)O)C3=CC=C(C=C3)O
Ranpirnase,N/A
Verpasep caltespen,N/A
Tipifarnib,CN1C=NC=C1[C@@](C2=CC=C(C=C2)Cl)(C3=CC4=C(C=C3)N(C(=O)C=C4C5=CC(=CC=C5)Cl)C)N
Oregovomab,N/A
Lucanthone,CCN(CC)CCNC1=C2C(=C(C=C1)C)SC3=CC=CC=C3C2=O
NV1020,N/A
Canfosfamide,C1=CC=C(C=C1)[C@H](C(=O)O)NC(=O)[C@H](CS(=O)(=O)CCOP(=O)(N(CCCl)CCCl)N(CCCl)CCCl)NC(=O)CC[C@@H](C(=O)O)N
LErafAON,N/A
Banoxantrone,C[N+](C)(CCNC1=C2C(=C(C=C1)NCC[N+](C)(C)[O-])C(=O)C3=C(C=CC(=C3C2=O)O)O)[O-]
M40403,C1CC[C@@H]2[C@@H](C1)NCCN[C@@H]3CCCC[C@H]3NCC4=CC=CC(=N4)CN2.[Cl-].[Cl-].[Mn+2]
Plitidepsin,CC[C@H](C)[C@@H]1[C@H](CC(=O)O[C@H](C(=O)[C@@H](C(=O)N[C@H](C(=O)N2CCC[C@H]2C(=O)N([C@H](C(=O)O[C@@H]([C@@H](C(=O)N1)NC(=O)[C@@H](CC(C)C)N(C)C(=O)[C@@H]3CCCN3C(=O)C(=O)C)C)CC4=CC=C(C=C4)OC)C)CC(C)C)C)C(C)C)O
SP1049C,N/A
CG7870,N/A
Tigapotide,C[C@H]([C@@H](C(=O)N[C@@H](CC(=O)O)C(=O)N[C@@H](CC(=O)N)C(=O)N[C@@H](CSCNC(=O)C)C(=O)N[C@@H](CCC(=O)O)C(=O)N[C@@H]([C@@H](C)O)C(=O)N[C@@H](CSCNC(=O)C)C(=O)N[C@@H]([C@@H](C)O)C(=O)N[C@@H](CSCNC(=O)C)C(=O)N[C@@H](CC1=CC=C(C=C1)O)C(=O)N[C@@H](CCC(=O)O)C(=O)N[C@@H]([C@@H](C)O)C(=O)O)NC(=O)[C@H](CCC(=O)N)NC(=O)[C@H](CC2=CNC3=CC=CC=C32)NC(=O)[C@H](CCC(=O)O)N)O
ZYC300,N/A
IGN311,N/A
AP5346,N/A
Satraplatin,CC(=O)[O-].CC(=O)[O-].C1CCC(CC1)N.N.[Cl-].[Cl-].[Pt+4]
AGRO100,CC1=CN(C(=O)NC1=O)[C@H]2C[C@@H]([C@H](O2)COP(=O)(O)O[C@H]3C[C@@H](O[C@@H]3COP(=O)(O)O[C@H]4C[C@@H](O[C@@H]4COP(=O)(O)O[C@H]5C[C@@H](O[C@@H]5COP(=O)(O)O[C@H]6C[C@@H](O[C@@H]6COP(=O)(O)O[C@H]7C[C@@H](O[C@@H]7COP(=O)(O)O[C@H]8C[C@@H](O[C@@H]8COP(=O)(O)O[C@H]9C[C@@H](O[C@@H]9COP(=O)(O)O[C@H]1C[C@@H](O[C@@H]1COP(=O)(O)O[C@H]1C[C@@H](O[C@@H]1COP(=O)(O)O[C@H]1C[C@@H](O[C@@H]1COP(=O)(O)O[C@H]1C[C@@H](O[C@@H]1COP(=O)(O)OC1CC(OC1CO)N1C=NC2=C1N=C(NC2=O)N)N1C=NC2=C1N=C(NC2=O)N)N1C=C(C(=O)NC1=O)C)N1C=NC2=C1N=C(NC2=O)N)N1C=NC2=C1N=C(NC2=O)N)N1C=C(C(=O)NC1=O)C)N1C=NC2=C1N=C(NC2=O)N)N1C=NC2=C1N=C(NC2=O)N)N1C=C(C(=O)NC1=O)C)N1C=NC2=C1N=C(NC2=O)N)N1C=NC2=C1N=C(NC2=O)N)N1C=C(C(=O)NC1=O)C)OP(=O)(O)OC[C@@H]1[C@H](C[C@@H](O1)N1C=NC2=C1N=C(NC2=O)N)OP(=O)(O)OC[C@@H]1[C@H](C[C@@H](O1)N1C=C(C(=O)NC1=O)C)OP(=O)(O)OC[C@@H]1[C@H](C[C@@H](O1)N1C=NC2=C1N=C(NC2=O)N)OP(=O)(O)OC[C@@H]1[C@H](C[C@@H](O1)N1C=NC2=C1N=C(NC2=O)N)OP(=O)(O)OC[C@@H]1[C@H](C[C@@H](O1)N1C=C(C(=O)NC1=O)C)OP(=O)(O)OC[C@@H]1[C@H](C[C@@H](O1)N1C=NC2=C1N=C(NC2=O)N)OP(=O)(O)OC[C@@H]1[C@H](C[C@@H](O1)N1C=NC2=C1N=C(NC2=O)N)OP(=O)(O)OC[C@@H]1[C@H](C[C@@H](O1)N1C=C(C(=O)NC1=O)C)OP(=O)(O)OC[C@@H]1[C@H](C[C@@H](O1)N1C=NC2=C1N=C(NC2=O)N)OP(=O)(O)OC[C@@H]1[C@H](C[C@@H](O1)N1C=NC2=C1N=C(NC2=O)N)OP(=O)(O)OC[C@@H]1[C@H](C[C@@H](O1)N1C=C(C(=O)NC1=O)C)OP(=O)(O)OC[C@@H]1[C@H](C[C@@H](O1)N1C=NC2=C1N=C(NC2=O)N)OP(=O)(O)OC[C@@H]1[C@H](C[C@@H](O1)N1C=NC2=C1N=C(NC2=O)N)O
MBO7133,N/A
Imexon,C1C2N1C(=O)N=C2N
Adecatumumab,N/A
XEN-2174,CC(C)C[C@H]1C(=O)N[C@H]2CSSC[C@@H](C(=O)NCC(=O)N[C@H](C(=O)N[C@H](C(=O)N1)CCCCN)CC3=CC=C(C=C3)O)NC(=O)[C@H](CSSC[C@H](NC(=O)[C@@H]4C[C@H](CN4C(=O)[C@@H](NC2=O)CC5=CN=CN5)O)C(=O)O)NC(=O)[C@H](C(C)C)NC(=O)CNC(=O)[C@@H]6CCC(=O)N6
XL999,CCN1CCC(CC1)NC2=CC\3=C(C=C2)NC(=O)/C3=C(/C4=CC(=CC=C4)F)\C5=NC=C(N5)C
Amonafide,CN(C)CCN1C(=O)C2=CC=CC3=CC(=CC(=C32)C1=O)N
INCB7839,COC(=O)N1CC2(CC2)C[C@@H]([C@H]1C(=O)N3CCN(CC3)C4=CC=CC=C4)C(=O)NO
Grn163l,CCCCCCCCCCCCCCCC(=O)NCC(COP(=S)([O-])OC[C@@H]1[C@H](C[C@@H](O1)N2C=C(C(=O)NC2=O)C)NP(=S)([O-])OC[C@@H]3[C@H](C[C@@H](O3)N4C=NC5=C(N=CN=C54)N)NP(=S)([O-])OC[C@@H]6[C@H](C[C@@H](O6)N7C=NC8=C7N=C(NC8=O)N)NP(=S)([O-])OC[C@@H]9[C@H](C[C@@H](O9)N1C=NC2=C1N=C(NC2=O)N)NP(=S)([O-])OC[C@@H]1[C@H](C[C@@H](O1)N1C=NC2=C1N=C(NC2=O)N)NP(=S)([O-])OC[C@@H]1[C@H](C[C@@H](O1)N1C=C(C(=O)NC1=O)C)NP(=S)([O-])OC[C@@H]1[C@H](C[C@@H](O1)N1C=C(C(=O)NC1=O)C)NP(=S)([O-])OC[C@@H]1[C@H](C[C@@H](O1)N1C=NC2=C(N=CN=C21)N)NP(=S)([O-])OC[C@@H]1[C@H](C[C@@H](O1)N1C=NC2=C1N=C(NC2=O)N)NP(=S)([O-])OC[C@@H]1[C@H](C[C@@H](O1)N1C=NC2=C(N=CN=C21)N)NP(=S)([O-])OC[C@@H]1[C@H](C[C@@H](O1)N1C=CC(=NC1=O)N)NP(=S)([O-])OC[C@@H]1[C@H](C[C@@H](O1)N1C=NC2=C(N=CN=C21)N)NP(=O)(OC[C@@H]1[C@H](C[C@@H](O1)N1C=NC2=C(N=CN=C21)N)N)[S-])O.[Na+].[Na+].[Na+].[Na+].[Na+].[Na+].[Na+].[Na+].[Na+].[Na+].[Na+].[Na+].[Na+]
BZL101,N/A
VPM4001,N/A
Labetuzumab,N/A
Prinomastat,CC1([C@@H](N(CCS1)S(=O)(=O)C2=CC=C(C=C2)OC3=CC=NC=C3)C(=O)NO)C
Matuzumab,N/A
AN-9,CCCC(=O)OCOC(=O)C(C)(C)C
Trabectedin,CC1=CC2=C([C@@H]3[C@@H]4[C@H]5C6=C(C(=C7C(=C6[C@@H](N4[C@H]([C@H](C2)N3C)O)COC(=O)[C@@]8(CS5)C9=CC(=C(C=C9CCN8)O)OC)OCO7)C)OC(=O)C)C(=C1OC)O
AP5280,N/A
105AD7,N/A
EHC18,N/A
Thymectacin,C[C@@H](C(=O)OC)NP(=O)(OC[C@@H]1[C@H](C[C@@H](O1)N2C=C(C(=O)NC2=O)/C=C/Br)O)OC3=CC=CC=C3
IGN301,N/A
1D09C3,N/A
Tanespimycin,C[C@H]1C[C@@H]([C@@H]([C@H](/C=C(/[C@@H]([C@H](/C=C\C=C(\C(=O)NC2=CC(=O)C(=C(C1)C2=O)NCC=C)/C)OC)OC(=O)N)\C)C)O)OC
Bavituximab,N/A
RAV12,N/A
LY2181308,N/A
OXI-4503,COC1=C(C(=C(C=C1)/C=C\C2=CC(=C(C(=C2)OC)OC)OC)OP(=O)(O)O)OP(=O)(O)O
XL820,N/A
CYT997,CCC[C@@H](C1=CN=CC=C1)NC2=NC(=NC=C2C)C3=CC(=C(C=C3)NC(=O)NCC)OC
CG0070,N/A
XL844,C1=CC=C(C(=C1)NC(=O)NC2=NC=CN=C2)OCCCN
TST10088,N/A
SL017,N/A
PM02734,CC[C@H](C)CCC(=O)N[C@H](C(C)C)C(=O)N[C@@H]([C@@H](C)O)C(=O)N[C@@H](C(C)C)C(=O)N[C@H](C(C)C)C(=O)N1CCC[C@@H]1C(=O)N[C@@H](CCCN)C(=O)N[C@H]([C@@H](C)CC)C(=O)N[C@@H]2[C@H](OC(=O)[C@@H](NC(=O)/C(=C/C)/NC(=O)[C@@H](NC(=O)[C@H](NC(=O)[C@H](NC2=O)[C@@H](C)CC)C(C)C)CC3=CC=CC=C3)C(C)C)C.C(=O)(C(F)(F)F)O
Topsalysin,N/A
LY2275796,N/A
Vintafolide,CC[C@@]1(C[C@H]2C[C@@](C3=C(CCN(C2)C1)C4=CC=CC=C4N3)(C5=C(C=C6C(=C5)[C@]78CCN9[C@H]7[C@@](C=CC9)([C@H]([C@@]([C@@H]8N6C)(C(=O)NNC(=O)OCCSSC[C@@H](C(=O)O)NC(=O)[C@H](CC(=O)O)NC(=O)[C@H](CC(=O)O)NC(=O)[C@H](CCCNC(=N)N)NC(=O)[C@H](CC(=O)O)NC(=O)CC[C@@H](C(=O)O)NC(=O)C1=CC=C(C=C1)NCC1=CN=C2C(=N1)C(=O)NC(=N2)N)O)O)CC)OC)C(=O)OC)O
AT9283,C1CC1NC(=O)NC2=C(NN=C2)C3=NC4=C(N3)C=C(C=C4)CN5CCOCC5
Benzimate,N/A
PTC299,COC1=CC=C(C=C1)[C@H]2C3=C(CCN2C(=O)OC4=CC=C(C=C4)Cl)C5=C(N3)C=CC(=C5)Cl
AS1409,N/A
EPC2407,COC1=C(C(=CC(=C1)[C@@H]2C3=C(C(=C(C=C3)N)N)OC(=C2C#N)N)Br)OC
XL281,CC1=C(C=C(C=C1)Cl)N2C(=O)C3=CC=CC=C3C2(C4=CC5=C(C=C4)N=C(N5)NC(=O)OC)O
CYC116,CC1=C(SC(=N1)N)C2=NC(=NC=C2)NC3=CC=C(C=C3)N4CCOCC4
XL418,CC1=C(C=C(C=C1N2CCN(CC2)C3=NC=NC4=NNC(=C43)Br)C(=O)CCC(F)(F)F)NCCN5CCCC5
SF1126,C1COCC[N+]1(COC(=O)CCC(=O)N[C@@H](CCCN=C(N)N)C(=O)NCC(=O)N[C@@H](CC(=O)O)C(=O)N[C@@H](CO)C(=O)[O-])C2=CC(=O)C3=C(O2)C(=CC=C3)C4=CC=CC=C4
GMX1777,COCCOCCOCCOCCOC(=O)OC[N+]1=CC=C(C=C1)NC(=NCCCCCCOC2=CC=C(C=C2)Cl)NC#N.[Cl-]
Alisertib,COC1=C(C(=CC=C1)F)C2=NCC3=CN=C(N=C3C4=C2C=C(C=C4)Cl)NC5=CC(=C(C=C5)C(=O)O)OC
Pracinostat,CCCCC1=NC2=C(N1CCN(CC)CC)C=CC(=C2)/C=C/C(=O)NO
Tetrodotoxin,C([C@@]1([C@H]2[C@@H]3[C@H](N=C(N[C@@]34[C@@H]([C@@H]1O[C@]([C@H]4O)(O2)O)O)N)O)O)O
XL765,CCN1C2=NC(=NC(=C2C=C(C1=O)C3=CC=NN3)C)N
XL019,C1C[C@H](NC1)C(=O)NC2=CC=C(C=C2)C3=NC(=NC=C3)NC4=CC=C(C=C4)N5CCOCC5
Gallium nitrate,[N+](=O)([O-])[O-].[N+](=O)([O-])[O-].[N+](=O)([O-])[O-].[Ga+3]
Samarium (153Sm) lexidronam,C(CN(CP(=O)(O)[O-])CP(=O)(O)[O-])N(CP(=O)(O)O)CP(=O)(O)[O-].[153Sm+3]
MCC,C1CC(CCC1CN2C(=O)C=CC2=O)C(=O)N
SB-249553,N/A
Tarenflurbil,C[C@H](C1=CC(=C(C=C1)C2=CC=CC=C2)F)C(=O)O
IDM-1,N/A
IDM-2,N/A
Motexafin lutetium,CCC1=C(C2=CC3=NC(=CN=C4C=C(C(=CC4=NC=C5C(=C(C(=N5)C=C1[N-]2)CCCO)C)OCCOCCOCCOC)OCCOCCOCCOC)C(=C3CCCO)C)CC.CC(=O)[O-].CC(=O)[O-].O.[Lu+3]
Paclitaxel docosahexaenoic acid,CC/C=C\C/C=C\C/C=C\C/C=C\C/C=C\C/C=C\CCC(=O)O[C@H]([C@H](C1=CC=CC=C1)NC(=O)C2=CC=CC=C2)C(=O)O[C@H]3C[C@]4([C@H]([C@H]5[C@@]([C@H](C[C@@H]6[C@]5(CO6)OC(=O)C)O)(C(=O)[C@@H](C(=C3C)C4(C)C)OC(=O)C)C)OC(=O)C7=CC=CC=C7)O
Keyhole limpet hemocyanin,CCCCCCCCC=CCCCCCCCC(=O)OCC(C)O.CCCCCCCCC=CCCCCCCCC(=O)OC(C)CO.CCCCCCCCC=CCCCCCCC(C)C(=O)OCCO
Girentuximab,N/A
Cintredekin besudotox,N/A
ANX-510,C1C2CN(CN2C3=C(N1)N=C(NC3=O)N)C4=CC=C(C=C4)C(=O)N[C@@H](CCC(=O)[O-])C(=O)[O-].[Ca+2]
Oportuzumab monatox,N/A
INGN 201,N/A
INGN 225,N/A
SOT-107,N/A
CMC 001,N/A
Rindopepimut,N/A
Regramostim,N/A
Neovastat,N/A
Tetrachlorodecaoxide,O.[O-]Cl=O.[O-]Cl=O.[O-]Cl=O.[O-]Cl=O.O=O
INS 316,N/A
NOV-002,[H+].[H+].C(CC(=O)N[C@@H](CSSC[C@@H](C(=O)NCC(=O)[O-])NC(=O)CC[C@@H](C(=O)[O-])N)C(=O)NCC(=O)[O-])[C@@H](C(=O)[O-])N.[Na+].[Na+]
Corticorelin,CC[C@H](C)[C@@H](C(=O)N)NC(=O)[C@H]([C@@H](C)CC)NC(=O)[C@H](CCC(=O)O)NC(=O)[C@H](CCSC)NC(=O)[C@H](CC(C)C)NC(=O)[C@H](CCCCN)NC(=O)[C@H](CCCNC(=N)N)NC(=O)[C@H](CC(=O)N)NC(=O)[C@H](CO)NC(=O)[C@H](CC1=CNC=N1)NC(=O)[C@H](C)NC(=O)[C@H](CCC(=O)N)NC(=O)[C@H](CCC(=O)N)NC(=O)[C@H](C)NC(=O)[C@H](CC(C)C)NC(=O)[C@H](CCC(=O)N)NC(=O)[C@H](CCC(=O)O)NC(=O)[C@H](C)NC(=O)[C@H](CCCNC(=N)N)NC(=O)[C@H](C)NC(=O)[C@H](CCSC)NC(=O)[C@H](CCC(=O)O)NC(=O)[C@H](CC(C)C)NC(=O)[C@H](C(C)C)NC(=O)[C@H](CCC(=O)O)NC(=O)[C@H](CCCNC(=N)N)NC(=O)[C@H](CC(C)C)NC(=O)[C@H](CC(C)C)NC(=O)[C@H](CC2=CNC=N2)NC(=O)[C@H](CC3=CC=CC=C3)NC(=O)[C@H]([C@@H](C)O)NC(=O)[C@H](CC(C)C)NC(=O)[C@H](CC(=O)O)NC(=O)[C@H](CC(C)C)NC(=O)[C@H](CO)NC(=O)[C@H]([C@@H](C)CC)NC(=O)[C@@H]4CCCN4C(=O)[C@@H]5CCCN5C(=O)[C@H](CCC(=O)O)NC(=O)[C@H](CCC(=O)O)NC(=O)[C@H](CO)N
GTI-2501,N/A
VB2-011,N/A
Pipendoxifene,CC1=C(N(C2=C1C=C(C=C2)O)CC3=CC=C(C=C3)OCCN4CCCCC4)C5=CC=C(C=C5)O
OSI-461,CC\1=C(C2=C(/C1=C\C3=CC=NC=C3)C=CC(=C2)F)CC(=O)NCC4=CC=CC=C4.Cl
GW 597599,CC1=C(C=CC(=C1)F)[C@H]2CNCCN2C(=O)N(C)[C@H](C)C3=CC(=CC(=C3)C(F)(F)F)C(F)(F)F.CS(=O)(=O)O
Gallium maltolate,CC1=C(C(=O)C=CO1)[O-].CC1=C(C(=O)C=CO1)[O-].CC1=C(C(=O)C=CO1)[O-].[Ga+3]
Canertinib,C=CC(=O)NC1=C(C=C2C(=C1)C(=NC=N2)NC3=CC(=C(C=C3)F)Cl)OCCCN4CCOCC4
Talactoferrin alfa,CN(C1CCCCC1N2CCCC2)C(=O)CC3=CC(=C(C=C3)Cl)Cl
Motexafin gadolinium,CCC1=C(C2=CC3=NC(=CN=C4C=C(C(=CC4=NC=C5C(=C(C(=N5)C=C1[N-]2)CCCO)C)OCCOCCOCCOC)OCCOCCOCCOC)C(=C3CCCO)C)CC.CC(=O)[O-].CC(=O)[O-].[Gd+3]
ABT-510,CCC[C@@H](C(=O)N[C@@H]([C@@H](C)CC)C(=O)N[C@@H](CCCN=C(N)N)C(=O)N1CCC[C@H]1C(=O)NCC)NC(=O)[C@H]([C@@H](C)O)NC(=O)[C@@H]([C@@H](C)CC)NC(=O)[C@H](C(C)C)NC(=O)CNC(=O)CN(C)C(=O)C
NAV 1800,N/A
IDD-1,N/A
AVI-4557,N/A
PX-12,CCC(C)SSC1=NC=CN1
FM-VP4,N/A
P54,N/A
PH-284,N/A
OSI-7904L,CC1=NC2=C(C3=C(C=CC(=C3)CNC4=CC5=C(C=C4)C(=O)N(C5)[C@@H](CCC(=O)O)C(=O)O)C=C2)C(=O)N1
Chlorotoxin I-131,CCC(C1=CC=CC=C1)C(C2=CC=CC=C2)C3=CC=C(C=C3)OCCN(C)C
ISS-1018,N/A
SGN-30,N/A
WX-UK1,CCOC(=O)N1CCN(CC1)C(=O)[C@H](CC2=CC(=CC=C2)C(=N)N)NS(=O)(=O)C3=C(C=C(C=C3C(C)C)C(C)C)C(C)C.Cl
MUC1 Dendritic Cell Vaccine,N/A
PBI-1402,N/A
SN-38,CCC1=C2CN3C(=CC4=C(C3=O)COC(=O)[C@@]4(CC)O)C2=NC5=C1C=C(C=C5)O
ADH-1,C[C@H]1C(=O)N[C@H](C(=O)N[C@@H](CSSC[C@@H](C(=O)N[C@H](C(=O)N1)CC2=CN=CN2)NC(=O)C)C(=O)N)C(C)C
Custirsen,CC1=CN(C(=O)NC1=O)[C@H]2C[C@@H]([C@H](O2)COP(=S)(O)O[C@H]3C[C@@H](O[C@@H]3COP(=S)(O)O[C@H]4C[C@@H](O[C@@H]4COP(=S)(O)O[C@H]5C[C@@H](O[C@@H]5COP(=S)(O)O[C@H]6C[C@@H](O[C@@H]6COP(=S)(O)O[C@H]7C[C@@H](O[C@@H]7COP(=S)(O)O[C@H]8C[C@@H](O[C@@H]8COP(=S)(O)O[C@H]9C[C@@H](O[C@@H]9COP(=S)(O)O[C@H]1C[C@@H](O[C@@H]1COP(=S)(O)O[C@H]1C[C@@H](O[C@@H]1COP(=S)(O)O[C@@H]1[C@H](O[C@H]([C@@H]1OCCOC)N1C=C(C(=NC1=O)N)C)COP(=S)(O)O[C@@H]1[C@H](O[C@H]([C@@H]1OCCOC)N1C=NC2=C1N=C(NC2=O)N)COP(=S)(O)O[C@@H]1[C@H](O[C@H]([C@@H]1OCCOC)N1C=NC2=C(N=CN=C21)N)COP(=S)(O)O[C@@H]1[C@H](O[C@H]([C@@H]1OCCOC)N1C=C(C(=NC1=O)N)C)CO)N1C=NC2=C(N=CN=C21)N)N1C=NC2=C1N=C(NC2=O)N)N1C=CC(=NC1=O)N)N1C=NC2=C(N=CN=C21)N)N1C=NC2=C1N=C(NC2=O)N)N1C=NC2=C(N=CN=C21)N)N1C=NC2=C1N=C(NC2=O)N)N1C=C(C(=O)NC1=O)C)N1C=CC(=NC1=O)N)OP(=S)(O)OC[C@@H]1[C@H](C[C@@H](O1)N1C=C(C(=O)NC1=O)C)OP(=S)(O)OC[C@@H]1[C@H](C[C@@H](O1)N1C=CC(=NC1=O)N)OP(=S)(O)OC[C@@H]1[C@H](C[C@@H](O1)N1C=NC2=C(N=CN=C21)N)OP(=S)(O)OC[C@@H]1[C@H]([C@H]([C@@H](O1)N1C=C(C(=O)NC1=O)C)OCCOC)OP(=S)(O)OC[C@@H]1[C@H]([C@H]([C@@H](O1)N1C=C(C(=NC1=O)N)C)OCCOC)OP(=S)(O)OC[C@@H]1[C@H]([C@H]([C@@H](O1)N1C=NC2=C(N=CN=C21)N)OCCOC)OP(=S)(O)OC[C@@H]1[C@H]([C@H]([C@@H](O1)N1C=C(C(=O)NC1=O)C)OCCOC)O
ACA 125,N/A
ATN-161,CC(=O)N1CCC[C@H]1C(=O)N[C@@H](CC2=CN=CN2)C(=O)N[C@@H](CO)C(=O)N[C@@H](CS)C(=O)N[C@@H](CC(=O)N)C(=O)N
AVN-944,CC[C@H](CC#N)OC(=O)N[C@@H](C)C1=CC(=CC=C1)NC(=O)NC2=CC(=C(C=C2)C3=CN=CO3)OC
Piclidenoson,CNC(=O)[C@@H]1[C@H]([C@H]([C@@H](O1)N2C=NC3=C(N=CN=C32)NCC4=CC(=CC=C4)I)O)O
Atiprimod,CCCC1(CCC2(CC1)CCN(C2)CCCN(CC)CC)CCC
Pelitinib,CCOC1=C(C=C2C(=C1)N=CC(=C2NC3=CC(=C(C=C3)F)Cl)C#N)NC(=O)/C=C/CN(C)C
alpha-Pyrrolidinononanophenone,CCCCCCCC(C(=O)C1=CC=CC=C1)N2CCCC2
Alanosine,C([C@@H](C(=O)[O-])[NH3+])N(N=O)O
SB-743921,CC1=CC=C(C=C1)C(=O)N(CCCN)[C@@H](C2=C(C(=O)C3=C(O2)C=C(C=C3)Cl)CC4=CC=CC=C4)C(C)C
INO-1001,CS(=O)(=O)O.C1COCCN1CCCNS(=O)(=O)C2=CC3=C(C=C2)C4=C(C3)C5=CC=CC=C5C(=O)N4
Motesanib,CC1(CNC2=C1C=CC(=C2)NC(=O)C3=C(N=CC=C3)NCC4=CC=NC=C4)C
Ramucirumab,N/A
Verubulin,CC1=NC2=CC=CC=C2C(=N1)N(C)C3=CC=C(C=C3)OC
Blarcamesine,CN(C)CC1CCOC1(C2=CC=CC=C2)C3=CC=CC=C3
Cantuzumab ravtansine,N/A
Farletuzumab,N/A
Mx-dnG1,N/A
MKC-1,CN1C=C(C2=CC=CC=C21)C3=C(C(=O)NC3=O)C4=CN(C5=C4C=CC(=C5)[N+](=O)[O-])C
NE-180,N/A
Teverelix,C[C@H](C(=O)N)NC(=O)[C@@H]1CCCN1C(=O)[C@H](CCCCNC(C)C)NC(=O)[C@H](CC(C)C)NC(=O)[C@@H](CCCCNC(=O)N)NC(=O)[C@H](CC2=CC=C(C=C2)O)NC(=O)[C@H](CO)NC(=O)[C@@H](CC3=CN=CC=C3)NC(=O)[C@@H](CC4=CC=C(C=C4)Cl)NC(=O)[C@@H](CC5=CC6=CC=CC=C6C=C5)NC(=O)C
CTCE-9908,CC(C)C[C@@H](C(=O)N[C@@H](CO)C(=O)N[C@@H](CC1=CC=C(C=C1)O)C(=O)N[C@@H](CCCNC(=N)N)C(=O)NCCCC[C@@H](C(=O)N)NC(=O)[C@H](CCCNC(=N)N)NC(=O)[C@H](CC2=CC=C(C=C2)O)NC(=O)[C@H](CO)NC(=O)[C@H](CC(C)C)NC(=O)[C@H](CO)NC(=O)[C@H](C(C)C)NC(=O)CNC(=O)[C@H](CCCCN)N)NC(=O)[C@H](CO)NC(=O)[C@H](C(C)C)NC(=O)CNC(=O)[C@H](CCCCN)N
Retaspimycin,C[C@H]1C[C@@H]([C@@H]([C@H](/C=C(/[C@@H]([C@H](/C=C\C=C(\C(=O)NC2=CC(=C(C(=C2O)C1)NCC=C)O)/C)OC)OC(=O)N)\C)C)O)OC
Sodium stibogluconate,C([C@H]([C@@H]1[C@@H]([C@@H](O[Sb](=O)(O1)O[Sb]2(=O)O[C@@H]([C@@H]([C@@H](O2)C(=O)[O-])O)[C@@H](CO)O)C(=O)[O-])O)O)O.O.O.O.O.O.O.O.O.O.[Na+].[Na+].[Na+]
IRX-2,N/A
IRX-5183,CC1(CCC(C2=C1C=C(C(=C2Cl)O)C(=O)NC3=CC(=C(C(=C3)F)C(=O)O)F)(C)C)C
Palifosfamide,C(CCl)NP(=O)(NCCCl)O
ATL-104,N/A
Sivifene,C1=CC(=CC=C1C(=NNC2=C(C=C(C=C2)[N+](=O)[O-])[N+](=O)[O-])C3=CC=C(C=C3)O)O
Trabedersen,CC1=CN(C(=O)NC1=O)C2CC(C(O2)COP(=O)(OC3CC(OC3COP(=S)(O)OC4CC(OC4COP(=S)(O)OC5CC(OC5COP(=S)(O)OC6CC(OC6COP(=S)(O)OC7CC(OC7COP(=S)(O)OC8CC(OC8COP(=S)(O)OC9CC(OC9COP(=S)(O)OC1CC(OC1COP(=S)(O)OC1CC(OC1COP(=S)(O)OC1CC(OC1COP(=S)(O)OC1CC(OC1COP(=S)(O)OC1CC(OC1COP(=S)(O)OC1CC(OC1CO)N1C=CC(=NC1=O)N)N1C=NC2=C1N=C(NC2=O)N)N1C=NC2=C1N=C(NC2=O)N)N1C=CC(=NC1=O)N)N1C=NC2=C(N=CN=C21)N)N1C=C(C(=O)NC1=O)C)N1C=NC2=C1N=C(NC2=O)N)N1C=C(C(=O)NC1=O)C)N1C=CC(=NC1=O)N)N1C=C(C(=O)NC1=O)C)N1C=NC2=C(N=CN=C21)N)N1C=C(C(=O)NC1=O)C)N1C=C(C(=O)NC1=O)C)S)O.CC1=CN(C(=O)NC1=O)C2CC(C(O2)CO[P+](=O)S)OP(=S)(O)OCC3C(CC(O3)N4C=NC5=C4N=C(NC5=O)N)OP(=S)(O)OCC6C(CC(O6)N7C=C(C(=O)NC7=O)C)OP(=S)(O)OCC8C(CC(O8)N9C=NC1=C(N=CN=C19)N)O
GI-4000,N/A
13-deoxydoxorubicin,C[C@H]1[C@H]([C@H](C[C@@H](O1)O[C@H]2C[C@@](CC3=C2C(=C4C(=C3O)C(=O)C5=C(C4=O)C(=CC=C5)OC)O)(CCO)O)N)O
Maxy-G34,N/A
CGC-11047,CCNCCCNC/C=C\CNCCCNCC.Cl.Cl.Cl.Cl
MVA-BN-HER-2,N/A
R-851,N/A
Trastuzumab emtansine,N/A
ATX-101,C[C@H](CCC(=O)O)[C@H]1CC[C@@H]2[C@@]1([C@H](C[C@H]3[C@H]2CC[C@H]4[C@@]3(CC[C@H](C4)O)C)O)C
LGD-1550,C/C(=C\C(=O)O)/C=C/C=C(\C)/C1=CC(=CC(=C1)C(C)(C)C)C(C)(C)C
Irofulven,CC1=C(C2=C(C3(CC3)[C@@](C(=O)C2=C1)(C)O)C)CO
LM-609,N/A
MX6,N/A
Arylacenamide,CCN(C/C=C\C1=CC(=C(C=C1)C2CCCCC2)Cl)C3CCCCC3.Cl
GEM-231,N/A
GTI 2040,N/A
Cositecan,CC[C@@]1(C2=C(COC1=O)C(=O)N3CC4=C(C5=CC=CC=C5N=C4C3=C2)CC[Si](C)(C)C)O
Muparfostat,N/A
TA-CIN,N/A
Abiraterone,C[C@]12CC[C@@H](CC1=CC[C@@H]3[C@@H]2CC[C@]4([C@H]3CC=C4C5=CN=CC=C5)C)O
GnRH pharmaccine,N/A
Laromustine,CNC(=O)N(N(CCCl)S(=O)(=O)C)S(=O)(=O)C
SGN-15,N/A
G207,CCCCC1=CC=C(C=C1)N=NC2=CC=C(C=C2)N=NC3=CC=C(C=C3)OCCC
ING-1,N/A
OC-1012,N/A
NS-3728,C1=CC(=C(C=C1Br)NC(=O)NC2=CC(=CC(=C2)C(F)(F)F)C(F)(F)F)C3=NNN=N3
OSI-7836,C1=CN(C(=O)N=C1N)[C@H]2[C@H]([C@@H]([C@H](S2)CO)O)O
AI-850,N/A
NV-07a,N/A
Biomed 101,CCCC1=C(C=CC2=C1OC(CC2)C(=O)O)OCCCOC3=C(C(=C(C=C3)C(=O)C)OC)CCC
PI-166,N/A
Tasquinimod,CN1C2=C(C(=CC=C2)OC)C(=C(C1=O)C(=O)N(C)C3=CC=C(C=C3)C(F)(F)F)O
PPI-2458,CC(C)[C@H](C(=O)N)NC(=O)O[C@@H]1CC[C@]2(CO2)[C@H]([C@@H]1OC)[C@@]3([C@H](O3)CC=C(C)C)C
99mTc-14 F7 Mab,N/A
anti-alpha5Beta1-integrin antibody,N/A
MBT-0312,N/A
NV-18,N/A
Veglin,N/A
HGS-TR2J,N/A
rhIGFBP-3,N/A
EP0057,N/A
KOS-1584,C[C@H]1/C=C/C/C(=C\C[C@H](OC(=O)C[C@@H](C(C(=O)[C@@H]([C@H]1O)C)(C)C)O)/C(=C/C2=CSC(=N2)C)/C)/C
OSI-930,C1=CC=C2C(=C1)C(=CC=N2)CNC3=C(SC=C3)C(=O)NC4=CC=C(C=C4)OC(F)(F)F
CT-011,N/A
RTA 744,C[C@H]1[C@H]([C@H](C[C@@H](O1)O[C@H]2C[C@@](CC3=C2C(=C4C(=C3O)C(=O)C5=C(C4=O)C(=CC=C5)OC)O)(C(=O)CO)O)N)OCC6=CC=CC=C6.Cl
Dovitinib,CN1CCN(CC1)C2=CC3=C(C=C2)N=C(N3)C4=C(C5=C(C=CC=C5F)NC4=O)N
GPI-0100,CCCCCCCCCCCCNC(=O)[C@@H]1[C@H]([C@@H]([C@H]([C@@H](O1)O[C@H]2CC[C@]3(C([C@]2(C)C=O)CC[C@@]4(C3CC=C5[C@]4(C[C@H]([C@@]6(C5CC(CC6)(C)C)C(=O)O[C@H]7[C@@H]([C@H]([C@H]([C@H](O7)C)O)O)O[C@H]8[C@@H]([C@@H]([C@H]([C@@H](O8)C)O[C@H]9[C@@H]([C@H]([C@@H](CO9)O)O[C@H]1[C@@H]([C@](CO1)(CO)O)O)O)O)O)O)C)C)C)O[C@H]1[C@@H]([C@H]([C@H]([C@H](O1)CO)O)O)O)O[C@H]1[C@@H]([C@H]([C@@H](CO1)O)O)O)O
Pegdinetanib,COCCNC(=O)OCC(COC(=O)NCCOC)OCCCC(=O)NCCNC(=O)CCN1C(=O)CC(C1=O)SC[C@@H](C(=O)O)N
Denibulin,C[C@@H](C(=O)NC1=CC=C(C=C1)SC2=CC3=C(C=C2)N=C(N3)NC(=O)OC)N
MK-4721,N/A
CTCE-0214,CC[C@H](C)[C@H]1C(=O)N[C@H](C(=O)N[C@@H](CCC(=O)NCCCC[C@@H](C(=O)N[C@H](C(=O)N1)CC2=CNC3=CC=CC=C32)NC(=O)[C@H](CC(C)C)NC(=O)CNC(=O)CNC(=O)CNC(=O)CNC(=O)[C@H](CC4=CC=CC=C4)NC(=O)[C@H](CC5=CC=CC=C5)NC(=O)[C@H](CCCNC(=N)N)NC(=O)[C@H](CC6=CC=CC=C6)NC(=O)[C@@H]7CCCN7C(=O)[C@H](C)NC(=O)[C@H](CCCNC(=N)N)NC(=O)[C@H](CC8=CC=C(C=C8)O)NC(=O)[C@H](CO)NC(=O)[C@H](CC(C)C)NC(=O)[C@H](CO)NC(=O)[C@H](C(C)C)NC(=O)[C@@H]9CCCN9C(=O)[C@H](CCCCN)N)C(=O)N[C@@H](CC1=CC=C(C=C1)O)C(=O)N[C@@H](CC(C)C)C(=O)N[C@@H](CCC(=O)O)C(=O)N[C@@H](CCCCN)C(=O)N[C@@H](C)C(=O)N[C@@H](CC(C)C)C(=O)N[C@@H](CC(=O)N)C(=O)N)CCC(=O)N
Leronlimab,N/A
Varlitinib,C[C@@H]1COC(=N1)NC2=CC3=C(C=C2)N=CN=C3NC4=CC(=C(C=C4)OCC5=NC=CS5)Cl
EGEN-001,N/A
ENMD-1198,C[C@]12CC[C@H]3[C@H]([C@@H]1CC=C2)CCC4=CC(=C(C=C34)OC)C(=O)N
TAS-108,CCN(CC)CC1=CC(=C(C=C1)OCC[C@H]2CC[C@@H]3[C@@]2(CC[C@H]4[C@H]3[C@@H](CC5=C4C=CC(=C5)O)C)C)OC.C(C(=O)O)C(CC(=O)O)(C(=O)O)O
ANZ-100,N/A
PR-104,CS(=O)(=O)OCCN(CCBr)C1=C(C=C(C=C1[N+](=O)[O-])[N+](=O)[O-])C(=O)NCCOP(=O)(O)O
SNS-032,CC(C)(C)C1=CN=C(O1)CSC2=CN=C(S2)NC(=O)C3CCNCC3
Archexin,N/A
Transcrocetinate,C/C(=C\C=C\C=C(\C=C\C=C(\C(=O)O)/C)/C)/C=C/C=C(/C(=O)O)\C
Bardoxolone methyl,C[C@@]12CC[C@]3(CCC(C[C@H]3[C@H]1C(=O)C=C4[C@]2(CC[C@@H]5[C@@]4(C=C(C(=O)C5(C)C)C#N)C)C)(C)C)C(=O)OC
CYT-6091,N/A
Plinabulin,CC(C)(C)C1=C(N=CN1)/C=C\2/C(=O)N/C(=C\C3=CC=CC=C3)/C(=O)N2
Aldoxorubicin,C[C@H]1[C@H]([C@H](C[C@@H](O1)O[C@H]2C[C@@](CC3=C2C(=C4C(=C3O)C(=O)C5=C(C4=O)C(=CC=C5)OC)O)(/C(=N/NC(=O)CCCCCN6C(=O)C=CC6=O)/CO)O)N)O
AV-412,CC1=CC=C(C=C1)S(=O)(=O)O.CC1=CC=C(C=C1)S(=O)(=O)O.CC(C)(C#CC1=CC2=C(C=C1NC(=O)C=C)C(=NC=N2)NC3=CC(=C(C=C3)F)Cl)N4CCN(CC4)C
GlycoPEG-GCSF,N/A
INNO-305,N/A
MKC1106-PP,N/A
ARQ 171,N/A
Filanesib,CN(C(=O)N1[C@](SC(=N1)C2=C(C=CC(=C2)F)F)(CCCN)C3=CC=CC=C3)OC
ZEN-012,COC1=CC=CC(=C1)N2CCN(CC2)C(=O)C3=C4C=CC=CC4=NC5=CC=CC=C53
AZD-8330,CC1=CC(=C(N(C1=O)C)NC2=C(C=C(C=C2)I)F)C(=O)NOCCO
CAM-2029,C[C@H]([C@H]1C(=O)N[C@@H](CSSC[C@@H](C(=O)N[C@H](C(=O)N[C@@H](C(=O)N[C@H](C(=O)N1)CCCCN)CC2=CNC3=CC=CC=C32)CC4=CC=CC=C4)NC(=O)[C@@H](CC5=CC=CC=C5)N)C(=O)N[C@H](CO)[C@@H](C)O)O.Cl.Cl
XMT-1001,N/A
SNX-5422,CC1(CC2=C(C(=O)C1)C(=NN2C3=CC(=C(C=C3)C(=O)N)NC4CCC(CC4)OC(=O)CN)C(F)(F)F)C
DTS-201,N/A
Citatuzumab Bogatox,N/A
Linsitinib,CC1(CC(C1)C2=NC(=C3N2C=CN=C3N)C4=CC5=C(C=C4)C=CC(=N5)C6=CC=CC=C6)O
Linifanib,CC1=CC(=C(C=C1)F)NC(=O)NC2=CC=C(C=C2)C3=C4C(=CC=C3)NN=C4N
PX-478,C1=CC(=CC=C1C[C@@H](C(=O)O)N)[N+](CCCl)(CCCl)[O-].Cl.Cl
Evofosfamide,CN1C(=CN=C1[N+](=O)[O-])COP(=O)(NCCBr)NCCBr
Apatorsen,CC1=CN(C(=O)NC1=O)[C@H]2CC([C@H](O2)COP(=S)(O)OC3C[C@@H](O[C@@H]3COP(=S)(O)OC4C[C@@H](O[C@@H]4COP(=S)(O)OC5C[C@@H](O[C@@H]5COP(=S)(O)OC6C[C@@H](O[C@@H]6COP(=S)(O)OC7C[C@@H](O[C@@H]7COP(=S)(O)OC8C[C@@H](O[C@@H]8COP(=S)(O)OC9C[C@@H](O[C@@H]9COP(=S)(O)OC1C[C@@H](O[C@@H]1COP(=S)(O)OC1[C@H](O[C@H](C1OCCOC)N1C=NC2=C(N=CN=C21)N)COP(=S)(O)OC1[C@H](O[C@H](C1OCCOC)N1C=NC2=C1N=C(NC2=O)N)COP(=S)(O)OC1[C@H](O[C@H](C1OCCOC)N1C=NC2=C1N=C(NC2=O)N)COP(=S)(O)OC1[C@H](O[C@H](C1OCCOC)N1C=NC2=C1N=C(NC2=O)N)CO)N1C=C(C(=NC1=O)N)C)N1C=NC2=C1N=C(NC2=O)N)N1C=C(C(=NC1=O)N)C)N1C=NC2=C1N=C(NC2=O)N)N1C=NC2=C1N=C(NC2=O)N)N1C=C(C(=NC1=O)N)C)N1C=NC2=C1N=C(NC2=O)N)N1C=C(C(=NC1=O)N)C)OP(=S)(O)OC[C@@H]1C(C[C@@H](O1)N1C=C(C(=NC1=O)N)C)OP(=S)(O)OC[C@@H]1C(C[C@@H](O1)N1C=NC2=C1N=C(NC2=O)N)OP(=S)(O)OC[C@@H]1C(C[C@@H](O1)N1C=NC2=C1N=C(NC2=O)N)OP(=S)(O)OC[C@@H]1C(C([C@@H](O1)N1C=C(C(=O)NC1=O)C)OCCOC)OP(=S)(O)OC[C@@H]1C(C([C@@H](O1)N1C=C(C(=NC1=O)N)C)OCCOC)OP(=S)(O)OC[C@@H]1C(C([C@@H](O1)N1C=NC2=C1N=CNC2=N)OCCOC)OP(=S)(O)OC[C@@H]1C(C([C@@H](O1)N1C=C(C(=O)NC1=O)C)OCCOC)O
GSK-923295,C[C@@H](C1=CC=CN2C1=NC(=C2)C3=CC=C(C=C3)C[C@@H](CNC(=O)CN(C)C)NC(=O)C4=CC(=C(C=C4)OC(C)C)Cl)O
PRLX 93936,N/A
IMC-1C11,N/A
TG4023,N/A
MDX-214,N/A
SVV-001,N/A
SNS-314,C1=CC(=CC(=C1)Cl)NC(=O)NC2=NC=C(S2)CCNC3=NC=NC4=C3SC=C4
IRL-1620,CC[C@H](C)[C@@H](C(=O)N[C@@H]([C@@H](C)CC)C(=O)N[C@@H](CC1=CNC2=CC=CC=C21)C(=O)O)NC(=O)[C@H](CC(=O)O)NC(=O)[C@H](CC(C)C)NC(=O)[C@H](CC3=CNC=N3)NC(=O)[C@H](C)NC(=O)[C@H](CC4=CC=CC=C4)NC(=O)[C@H](CC5=CC=C(C=C5)O)NC(=O)[C@H](C(C)C)NC(=O)[C@H](C)NC(=O)[C@H](CCC(=O)O)NC(=O)[C@H](CCC(=O)O)NC(=O)[C@H](CC(=O)O)NC(=O)CCC(=O)O
Rubitecan,CC[C@@]1(C2=C(COC1=O)C(=O)N3CC4=CC5=C(C=CC=C5[N+](=O)[O-])N=C4C3=C2)O
Plevitrexed,CC1=CC2=C(C=C1CN(CC#C)C3=CC(=C(C=C3)C(=O)N[C@@H](CCC4=NNN=N4)C(=O)O)F)C(=O)NC(=N2)C
Canakinumab,N/A
Indibulin,C1=CC=C2C(=C1)C(=CN2CC3=CC=C(C=C3)Cl)C(=O)C(=O)NC4=CC=NC=C4
Paclitaxel trevatide,CC1=C2[C@H](C(=O)[C@@]3([C@H](C[C@@H]4[C@]([C@H]3[C@@H]([C@@](C2(C)C)(C[C@@H]1OC(=O)[C@@H]([C@H](C5=CC=CC=C5)NC(=O)C6=CC=CC=C6)OC(=O)CCC(=O)NCCCC[C@@H](C(=O)N[C@@H](CCCNC(=N)N)C(=O)N[C@@H](CC(=O)N)C(=O)N[C@@H](CC(=O)N)C(=O)N[C@@H](CC7=CC=CC=C7)C(=O)N[C@@H](CCCCNC(=O)CCC(=O)O[C@H]([C@H](C8=CC=CC=C8)NC(=O)C9=CC=CC=C9)C(=O)O[C@H]1C[C@]2([C@H]([C@H]3[C@@]([C@H](C[C@@H]5[C@]3(CO5)OC(=O)C)O)(C(=O)[C@@H](C(=C1C)C2(C)C)OC(=O)C)C)OC(=O)C1=CC=CC=C1)O)C(=O)N[C@@H]([C@@H](C)O)C(=O)N[C@@H](CCC(=O)O)C(=O)N[C@@H](CCC(=O)O)C(=O)N[C@@H](CC1=CC=C(C=C1)O)C(=O)O)NC(=O)CNC(=O)[C@H](CCCNC(=N)N)NC(=O)[C@H](CO)NC(=O)CNC(=O)CNC(=O)[C@H](CC1=CC=C(C=C1)O)NC(=O)[C@H](CC1=CC=CC=C1)NC(=O)[C@H](CC1=CC=CC=C1)NC(=O)[C@H](C(C)O)NC(=O)CCC(=O)O[C@H]([C@H](C1=CC=CC=C1)NC(=O)C1=CC=CC=C1)C(=O)O[C@H]1C[C@]2([C@H]([C@H]3[C@@]([C@H](C[C@@H]5[C@]3(CO5)OC(=O)C)O)(C(=O)[C@@H](C(=C1C)C2(C)C)OC(=O)C)C)OC(=O)C1=CC=CC=C1)O)O)OC(=O)C1=CC=CC=C1)(CO4)OC(=O)C)O)C)OC(=O)C
Noscapine,CN1CCC2=CC3=C(C(=C2[C@@H]1[C@@H]4C5=C(C(=C(C=C5)OC)OC)C(=O)O4)OC)OCO3
Glufosfamide,C(CCl)NP(=O)(NCCCl)O[C@H]1[C@@H]([C@H]([C@@H]([C@H](O1)CO)O)O)O
Talotrexin,C1=CC=C(C(=C1)C(=O)NCCC[C@@H](C(=O)O)NC(=O)C2=CC=C(C=C2)NCC3=CN=C4C(=N3)C(=NC(=N4)N)N)C(=O)O
Darinaparsin,C[As](C)SC[C@@H](C(=O)NCC(=O)O)NC(=O)CC[C@@H](C(=O)O)N
TG1024,N/A
EMD-1201081,N/A
Talabostat,B([C@@H]1CCCN1C(=O)[C@H](C(C)C)N)(O)O
AEG35156,N/A
Ipilimumab,N/A
Ispinesib,CC1=CC=C(C=C1)C(=O)N(CCCN)[C@@H](C2=NC3=C(C=CC(=C3)Cl)C(=O)N2CC4=CC=CC=C4)C(C)C
Nimotuzumab,N/A
Pixantrone,C1=CC(=C2C(=C1NCCN)C(=O)C3=C(C2=O)C=NC=C3)NCCN
Seliciclib,CC[C@H](CO)NC1=NC(=C2C(=N1)N(C=N2)C(C)C)NCC3=CC=CC=C3
Atrasentan,CCCCN(CCCC)C(=O)CN1C[C@@H]([C@H]([C@@H]1C2=CC=C(C=C2)OC)C(=O)O)C3=CC4=C(C=C3)OCO4
Lasofoxifene,C1CCN(C1)CCOC2=CC=C(C=C2)[C@H]3[C@H](CCC4=C3C=CC(=C4)O)C5=CC=CC=C5
Nelipepimut-S,CC[C@H](C)[C@@H](C(=O)N[C@@H](CC1=CC=CC=C1)C(=O)NCC(=O)N[C@@H](CO)C(=O)N[C@@H](CC(C)C)C(=O)N[C@@H](C)C(=O)N[C@@H](CC2=CC=CC=C2)C(=O)N[C@@H](CC(C)C)C(=O)O)NC(=O)[C@H](CCCCN)N
Ridaforolimus,C[C@@H]1CC[C@H]2C[C@@H](/C(=C/C=C/C=C/[C@H](C[C@H](C(=O)[C@@H]([C@@H](/C(=C/[C@H](C(=O)C[C@H](OC(=O)[C@@H]3CCCCN3C(=O)C(=O)[C@@]1(O2)O)[C@H](C)C[C@@H]4CC[C@H]([C@@H](C4)OC)OP(=O)(C)C)C)/C)O)OC)C)C)/C)OC
Vadimezan,CC1=C(C2=C(C=C1)C(=O)C3=CC=CC(=C3O2)CC(=O)O)C
Tipapkinogene sovacivec,N/A
Tariquidar,COC1=C(C=C2CN(CCC2=C1)CCC3=CC=C(C=C3)NC(=O)C4=CC(=C(C=C4NC(=O)C5=CC6=CC=CC=C6N=C5)OC)OC)OC
Exisulind,CC\1=C(C2=C(/C1=C\C3=CC=C(C=C3)S(=O)(=O)C)C=CC(=C2)F)CC(=O)O
Arzoxifene,COC1=CC=C(C=C1)C2=C(C3=C(S2)C=C(C=C3)O)OC4=CC=C(C=C4)OCCN5CCCCC5
Fluasterone,C[C@]12CCCCC1=CC[C@@H]3[C@@H]2CC[C@]4([C@H]3C[C@H](C4=O)F)C
Incadronic acid,C1CCCC(CC1)NC(P(=O)(O)O)P(=O)(O)O
HE-2200,C[C@]12CC[C@H]3[C@H]([C@@H]1CC[C@@H]2O)[C@H](C=C4[C@@]3(CC[C@@H](C4)O)C)O
Hexaminolevulinate,CCCCCCOC(=O)CCC(=O)CN
Amrubicin,CC(=O)[C@]1(C[C@@H](C2=C(C1)C(=C3C(=C2O)C(=O)C4=CC=CC=C4C3=O)O)O[C@H]5C[C@@H]([C@@H](CO5)O)O)N
Lonidamine,C1=CC=C2C(=C1)C(=NN2CC3=C(C=C(C=C3)Cl)Cl)C(=O)O
Tanomastat,C1=CC=C(C=C1)SC[C@@H](CC(=O)C2=CC=C(C=C2)C3=CC=C(C=C3)Cl)C(=O)O
Temsirolimus,C[C@@H]1CC[C@H]2C[C@@H](/C(=C/C=C/C=C/[C@H](C[C@H](C(=O)[C@@H]([C@@H](/C(=C/[C@H](C(=O)C[C@H](OC(=O)[C@@H]3CCCCN3C(=O)C(=O)[C@@]1(O2)O)[C@H](C)C[C@@H]4CC[C@H]([C@@H](C4)OC)OC(=O)C(C)(CO)CO)C)/C)O)OC)C)C)/C)OC
Glesatinib,COCCNCC1=CN=C(C=C1)C2=CC3=NC=CC(=C3S2)OC4=C(C=C(C=C4)NC(=S)NC(=O)CC5=CC=C(C=C5)F)F
BIIB015,N/A
Sonepcizumab,N/A
Onalespib,CC(C)C1=CC(=C(C=C1O)O)C(=O)N2CC3=C(C2)C=C(C=C3)CN4CCN(CC4)C
Apoptone,C[C@]12CC[C@H](C[C@@H]1CC[C@@H]3[C@@H]2CC[C@]4([C@H]3CC[C@]4(C#C)O)C)O
Refametinib,COC1=CC(=C(C(=C1NS(=O)(=O)C2(CC2)C[C@@H](CO)O)NC3=C(C=C(C=C3)I)F)F)F
BNC105,CC1=C(C2=C(O1)C(=C(C=C2)OC)OP(=O)(O)O)C(=O)C3=CC(=C(C(=C3)OC)OC)OC
SGX-523,CN1C=C(C=N1)C2=NN3C(=NN=C3SC4=CC5=C(C=C4)N=CC=C5)C=C2
Carotuximab,N/A
Methoxyamine,CON
RG-7795,CC(=O)O[C@@H]1C[C@H](O[C@H]1N2C3=NC(=NC=C3SC2=O)N)CO
4-O-Demethylpenclomedine,COC1=C(C(=O)C(=C(N1)C(Cl)(Cl)Cl)Cl)Cl
Tucidinostat,C1=CC(=CN=C1)/C=C/C(=O)NCC2=CC=C(C=C2)C(=O)NC3=C(C=C(C=C3)F)N
Elsiglutide,N/A
Cenisertib,CC1=C(C=CC(=C1)NC2=NC=C(C(=N2)N[C@@H]3[C@@H]4C[C@H]([C@@H]3C(=O)N)C=C4)F)N5CCN(CC5)C
SPC2968,N/A
TRC093,N/A
G4460,N/A
rsPSMA Vaccine,N/A
Becatecarin,CCN(CC)CCN1C(=O)C2=C3C4=C(C(=CC=C4)Cl)NC3=C5C(=C2C1=O)C6=C(N5[C@H]7[C@@H]([C@H]([C@@H]([C@H](O7)CO)OC)O)O)C(=CC=C6)Cl
XR5944,CC1=C2C(=CC=C1)N=C3C=CC=C(C3=N2)C(=O)NCCNCCNCCNC(=O)C4=CC=CC5=NC6=CC=CC(=C6N=C54)C
Sapacitabine,CCCCCCCCCCCCCCCC(=O)NC1=NC(=O)N(C=C1)[C@H]2[C@H]([C@@H]([C@H](O2)CO)O)C#N
Pertuzumab,N/A
Indisulam,C1=CC2=C(C(=C1)NS(=O)(=O)C3=CC=C(C=C3)S(=O)(=O)N)NC=C2Cl
ASI402,N/A
Elacestrant,CCNCCC1=CC=C(C=C1)CN(CC)C2=C(C=CC(=C2)OC)[C@@H]3CCC4=C(C3)C=CC(=C4)O
Vitespen,N/A
Annamycin,C[C@H]1[C@@H]([C@H]([C@H]([C@@H](O1)O[C@H]2C[C@@](CC3=C2C(=C4C(=C3O)C(=O)C5=CC=CC=C5C4=O)O)(C(=O)CO)O)I)O)O
Declopramide,CCN(CC)CCNC(=O)C1=CC(=C(C=C1)N)Cl
Endostatin,CN(CC(=O)C1=CC=CC=C1)N=O
Tezacitabine,C1=CN(C(=O)N=C1N)[C@H]2/C(=C/F)/[C@@H]([C@H](O2)CO)O
Semaxanib,CC1=CC(=C(N1)/C=C\2/C3=CC=CC=C3NC2=O)C
Diethylnorspermine,CCNCCCNCCCNCCCNCC
Aprinocarsen,CC1=CN(C(=O)NC1=O)[C@H]2C[C@@H]([C@H](O2)COP(=S)(O)O[C@H]3C[C@@H](O[C@@H]3COP(=S)(O)O[C@H]4C[C@@H](O[C@@H]4COP(=O)(O[C@H]5C[C@@H](O[C@@H]5COP(=S)(O)O[C@H]6C[C@@H](O[C@@H]6CO)N7C=NC8=C7N=C(NC8=O)N)N9C=C(C(=O)NC9=O)C)S)N1C=C(C(=O)NC1=O)C)N1C=CC(=NC1=O)N)OP(=S)(O)OC[C@@H]1[C@H](C[C@@H](O1)N1C=CC(=NC1=O)N)OP(=S)(O)OC[C@@H]1[C@H](C[C@@H](O1)N1C=NC2=C1N=C(NC2=O)N)OP(=S)(O)OC[C@@H]1[C@H](C[C@@H](O1)N1C=CC(=NC1=O)N)OP(=S)(O)OC[C@@H]1[C@H](C[C@@H](O1)N1C=C(C(=O)NC1=O)C)OP(=S)(O)OC[C@@H]1[C@H](C[C@@H](O1)N1C=NC2=C1N=C(NC2=O)N)OP(=S)(O)OC[C@@H]1[C@H](C[C@@H](O1)N1C=NC2=C1N=C(NC2=O)N)OP(=S)(O)OC[C@@H]1[C@H](C[C@@H](O1)N1C=C(C(=O)NC1=O)C)OP(=S)(O)OC[C@@H]1[C@H](C[C@@H](O1)N1C=NC2=C1N=C(NC2=O)N)OP(=S)(O)OC[C@@H]1[C@H](C[C@@H](O1)N1C=NC2=C(N=CN=C21)N)OP(=S)(O)OC[C@@H]1[C@H](C[C@@H](O1)N1C=NC2=C1N=C(NC2=O)N)OP(=S)(O)OC[C@@H]1[C@H](C[C@@H](O1)N1C=C(C(=O)NC1=O)C)OP(=S)(O)OC[C@@H]1[C@H](C[C@@H](O1)N1C=C(C(=O)NC1=O)C)OP(=S)(O)OC[C@@H]1[C@H](C[C@@H](O1)N1C=C(C(=O)NC1=O)C)OP(=S)(O)OC[C@@H]1[C@H](C[C@@H](O1)N1C=CC(=NC1=O)N)OP(=S)(O)OC[C@@H]1[C@H](C[C@@H](O1)N1C=NC2=C(N=CN=C21)N)O
Mirostipen,N/A
Meclinertant,COC1=C(C(=CC=C1)OC)C2=CC(=NN2C3=C4C=CC(=CC4=NC=C3)Cl)C(=O)NC5(C6CC7CC(C6)CC5C7)C(=O)O
Squalamine,C[C@H](CC[C@H](C(C)C)OS(=O)(=O)O)[C@H]1CC[C@@H]2[C@@]1(CC[C@H]3[C@H]2[C@@H](C[C@@H]4[C@@]3(CC[C@@H](C4)NCCCNCCCCN)C)O)C
Mitumomab,N/A
Apolizumab,N/A
Lestaurtinib,C[C@@]12[C@](C[C@@H](O1)N3C4=CC=CC=C4C5=C6C(=C7C8=CC=CC=C8N2C7=C53)CNC6=O)(CO)O
Sibrotuzumab,N/A
Porfiromycin,CC1=C(C(=O)C2=C(C1=O)N3C[C@H]4[C@@H]([C@@]3([C@@H]2COC(=O)N)OC)N4C)N
Ropidoxuridine,C1[C@@H]([C@H](O[C@H]1N2C=C(C=NC2=O)I)CO)O
Enzastaurin,CN1C=C(C2=CC=CC=C21)C3=C(C(=O)NC3=O)C4=CN(C5=CC=CC=C54)C6CCN(CC6)CC7=CC=CC=N7
Velafermin,N/A
L523S,N/A
IGN101,N/A
MLN2704,N/A
MLN576,C[C@H](CN(C)C)NC(=O)C1=C2C(=CC=C1)N=C3C=CC4=C(C3=N2)C=CC=C4OC
Astaxanthin,CC1=C(C(C[C@@H](C1=O)O)(C)C)/C=C/C(=C/C=C/C(=C/C=C/C=C(/C=C/C=C(/C=C/C2=C(C(=O)[C@H](CC2(C)C)O)C)\C)\C)/C)/C
MG98,N/A
Minodronic acid,C1=CC2=NC=C(N2C=C1)CC(O)(P(=O)(O)O)P(=O)(O)O
Labradimil,COC1=CC=C(C=C1)C[C@@H](CN[C@@H](CCCN=C(N)N)C(=O)O)NC(=O)[C@@H]2CCCN2C(=O)[C@H](CO)NC(=O)[C@H](CC3=CC=CS3)NC(=O)CNC(=O)[C@@H]4C[C@H](CN4C(=O)[C@@H]5CCCN5C(=O)[C@H](CCCN=C(N)N)N)O
Bivatuzumab,N/A
Anpocogin,N/A
Emfilermin,N/A
Rebimastat,CC(C)C[C@@H](C(=O)N[C@H](C(=O)NC)C(C)(C)C)NC(=O)[C@H](CCN1C(=O)C(N(C1=O)C)(C)C)S
TG4010,N/A
Triphendiol,COC1=CC=C(C=C1)[C@@H]2[C@@H](COC3=C2C=CC(=C3)O)C4=CC=C(C=C4)O
Pazopanib,CC1=C(C=C(C=C1)NC2=NC=CC(=N2)N(C)C3=CC4=NN(C(=C4C=C3)C)C)S(=O)(=O)N
Pegargiminase,C(COCCOCCOCCOCCOCCOCCOCCOCCOCCOCCOCCOCCOCCOCCOCCOCCOCCOCCOCCO)O
Brostallicin,CN1C=C(C=C1C(=O)NCCN=C(N)N)NC(=O)C2=CC(=CN2C)NC(=O)C3=CC(=CN3C)NC(=O)C4=CC(=CN4C)NC(=O)C(=C)Br
Lexatumumab,N/A
Catumaxomab,N/A
Axitinib,CNC(=O)C1=CC=CC=C1SC2=CC3=C(C=C2)C(=NN3)/C=C/C4=CC=CC=N4
IMA901,N/A
Zibotentan,CC1=CN=C(C(=N1)OC)NS(=O)(=O)C2=C(N=CC=C2)C3=CC=C(C=C3)C4=NN=CO4
Casopitant,CC1=C(C=CC(=C1)F)[C@H]2C[C@H](CCN2C(=O)N(C)[C@H](C)C3=CC(=CC(=C3)C(F)(F)F)C(F)(F)F)N4CCN(CC4)C(=O)C
Perifosine,CCCCCCCCCCCCCCCCCCOP(=O)([O-])OC1CC[N+](CC1)(C)C
Denosumab,N/A
Volociximab,N/A
TAS-106,C#C[C@]1([C@H](O[C@H]([C@@H]1O)N2C=CC(=NC2=O)N)CO)O
Sipuleucel-T,N/A
Degarelix,C[C@H](C(=O)N)NC(=O)[C@@H]1CCCN1C(=O)[C@H](CCCCNC(C)C)NC(=O)[C@H](CC(C)C)NC(=O)[C@@H](CC2=CC=C(C=C2)NC(=O)N)NC(=O)[C@H](CC3=CC=C(C=C3)NC(=O)[C@@H]4CC(=O)NC(=O)N4)NC(=O)[C@H](CO)NC(=O)[C@@H](CC5=CN=CC=C5)NC(=O)[C@@H](CC6=CC=C(C=C6)Cl)NC(=O)[C@@H](CC7=CC8=CC=CC=C8C=C7)NC(=O)C
Methyltestosterone,C[C@]12CCC(=O)C=C1CC[C@@H]3[C@@H]2CC[C@]4([C@H]3CC[C@]4(C)O)C
Norelgestromin,CC[C@]12CC[C@H]3[C@H]([C@@H]1CC[C@]2(C#C)O)CCC4=CC(=NO)CC[C@H]34
Fosaprepitant,C[C@H](C1=CC(=CC(=C1)C(F)(F)F)C(F)(F)F)O[C@@H]2[C@@H](N(CCO2)CC3=NN(C(=O)N3)P(=O)(O)O)C4=CC=C(C=C4)F
Buserelin,CCNC(=O)[C@@H]1CCCN1C(=O)[C@H](CCCN=C(N)N)NC(=O)[C@H](CC(C)C)NC(=O)[C@@H](COC(C)(C)C)NC(=O)[C@H](CC2=CC=C(C=C2)O)NC(=O)[C@H](CO)NC(=O)[C@H](CC3=CNC4=CC=CC=C43)NC(=O)[C@H](CC5=CN=CN5)NC(=O)[C@@H]6CCC(=O)N6
Ketobemidone,CCC(=O)C1(CCN(CC1)C)C2=CC(=CC=C2)O
Cabazitaxel,CC1=C2[C@H](C(=O)[C@@]3([C@H](C[C@@H]4[C@]([C@H]3[C@@H]([C@@](C2(C)C)(C[C@@H]1OC(=O)[C@@H]([C@H](C5=CC=CC=C5)NC(=O)OC(C)(C)C)O)O)OC(=O)C6=CC=CC=C6)(CO4)OC(=O)C)OC)C)OC
Dalteparin,N/A
Gallium citrate Ga-67,C(C(=O)[O-])C(CC(=O)[O-])(C(=O)[O-])O.[67Ga+3]
Histrelin,CCNC(=O)[C@@H]1CCCN1C(=O)[C@H](CCCN=C(N)N)NC(=O)[C@H](CC(C)C)NC(=O)[C@@H](CC2=CN(C=N2)CC3=CC=CC=C3)NC(=O)[C@H](CC4=CC=C(C=C4)O)NC(=O)[C@H](CO)NC(=O)[C@H](CC5=CNC6=CC=CC=C65)NC(=O)[C@H](CC7=CN=CN7)NC(=O)[C@@H]8CCC(=O)N8
Lanreotide,C[C@H]([C@@H](C(=O)N)NC(=O)[C@@H]1CSSC[C@@H](C(=O)N[C@H](C(=O)N[C@@H](C(=O)N[C@H](C(=O)N[C@H](C(=O)N1)C(C)C)CCCCN)CC2=CNC3=CC=CC=C32)CC4=CC=C(C=C4)O)NC(=O)[C@@H](CC5=CC6=CC=CC=C6C=C5)N)O
Plicamycin,C[C@@H]1[C@H]([C@@H](C[C@@H](O1)O[C@@H]2C[C@@H](O[C@@H]([C@H]2O)C)OC3=CC4=CC5=C(C(=O)[C@H]([C@@H](C5)[C@@H](C(=O)[C@H]([C@@H](C)O)O)OC)O[C@H]6C[C@H]([C@@H]([C@H](O6)C)O)O[C@H]7C[C@H]([C@H]([C@H](O7)C)O)O[C@H]8C[C@]([C@@H]([C@H](O8)C)O)(C)O)C(=C4C(=C3C)O)O)O)O
Triptorelin,CC(C)C[C@@H](C(=O)N[C@@H](CCCN=C(N)N)C(=O)N1CCC[C@H]1C(=O)NCC(=O)N)NC(=O)[C@@H](CC2=CNC3=CC=CC=C32)NC(=O)[C@H](CC4=CC=C(C=C4)O)NC(=O)[C@H](CO)NC(=O)[C@H](CC5=CNC6=CC=CC=C65)NC(=O)[C@H](CC7=CN=CN7)NC(=O)[C@@H]8CCC(=O)N8
AT-7519,C1CNCCC1NC(=O)C2=C(C=NN2)NC(=O)C3=C(C=CC=C3Cl)Cl
Vismodegib,CS(=O)(=O)C1=CC(=C(C=C1)C(=O)NC2=CC(=C(C=C2)Cl)C3=CC=CC=N3)Cl
2-deoxyglucose,C(C=O)[C@H]([C@@H]([C@@H](CO)O)O)O
Taurochenodeoxycholic acid,C[C@H](CCC(=O)NCCS(=O)(=O)O)[C@H]1CC[C@@H]2[C@@]1(CC[C@H]3[C@H]2[C@@H](C[C@H]4[C@@]3(CC[C@H](C4)O)C)O)C
Acetylcarnitine,CC(=O)O[C@H](CC(=O)[O-])C[N+](C)(C)C
Crizotinib,C[C@H](C1=C(C=CC(=C1Cl)F)Cl)OC2=C(N=CC(=C2)C3=CN(N=C3)C4CCNCC4)N
Brentuximab vedotin,N/A
Eribulin,C[C@@H]1C[C@@H]2CC[C@H]3C(=C)C[C@@H](O3)CC[C@]45C[C@@H]6[C@H](O4)[C@H]7[C@@H](O6)[C@@H](O5)[C@@H]8[C@@H](O7)CC[C@@H](O8)CC(=O)C[C@H]9[C@H](C[C@H](C1=C)O2)O[C@@H]([C@@H]9OC)C[C@@H](CN)O
Cabozantinib,COC1=CC2=C(C=CN=C2C=C1OC)OC3=CC=C(C=C3)NC(=O)C4(CC4)C(=O)NC5=CC=C(C=C5)F
Aminopterin,C1=CC(=CC=C1C(=O)N[C@@H](CCC(=O)O)C(=O)O)NCC2=CN=C3C(=N2)C(=NC(=N3)N)N
Vemurafenib,CCCS(=O)(=O)NC1=C(C(=C(C=C1)F)C(=O)C2=CNC3=C2C=C(C=N3)C4=CC=C(C=C4)Cl)F
Aflibercept,N/A
Regorafenib,CNC(=O)C1=NC=CC(=C1)OC2=CC(=C(C=C2)NC(=O)NC3=CC(=C(C=C3)Cl)C(F)(F)F)F
Enzalutamide,CC1(C(=O)N(C(=S)N1C2=CC(=C(C=C2)C(=O)NC)F)C3=CC(=C(C=C3)C#N)C(F)(F)F)C
Formestane,C[C@]12CCC(=O)C(=C1CC[C@@H]3[C@@H]2CC[C@]4([C@H]3CCC4=O)C)O
Trametinib,CC1=C2C(=C(N(C1=O)C)NC3=C(C=C(C=C3)I)F)C(=O)N(C(=O)N2C4=CC=CC(=C4)NC(=O)C)C5CC5
Dabrafenib,CC(C)(C)C1=NC(=C(S1)C2=NC(=NC=C2)N)C3=C(C(=CC=C3)NS(=O)(=O)C4=C(C=CC=C4F)F)F
Radium Ra 223 dichloride,N/A
Afatinib,CN(C)C/C=C/C(=O)NC1=C(C=C2C(=C1)C(=NC=N2)NC3=CC(=C(C=C3)F)Cl)O[C@H]4CCOC4
Obinutuzumab,N/A
Nivolumab,N/A
Pembrolizumab,N/A
Netupitant,CC1=CC=CC=C1C2=CC(=NC=C2N(C)C(=O)C(C)(C)C3=CC(=CC(=C3)C(F)(F)F)C(F)(F)F)N4CCN(CC4)C
Naloxegol,COCCOCCOCCOCCOCCOCCOCCO[C@H]1CC[C@]2([C@H]3CC4=C5[C@]2([C@H]1OC5=C(C=C4)O)CCN3CC=C)O
Blinatumomab,N/A
Cannabidiol,CCCCCC1=CC(=C(C(=C1)O)[C@@H]2C=C(CC[C@H]2C(=C)C)C)O
Ceritinib,CC1=CC(=C(C=C1C2CCNCC2)OC(C)C)NC3=NC=C(C(=N3)NC4=CC=CC=C4S(=O)(=O)C(C)C)Cl
Palbociclib,CC1=C(C(=O)N(C2=NC(=NC=C12)NC3=NC=C(C=C3)N4CCNCC4)C5CCCC5)C(=O)C
Olaparib,C1CC1C(=O)N2CCN(CC2)C(=O)C3=C(C=CC(=C3)CC4=NNC(=O)C5=CC=CC=C54)F
Lenvatinib,COC1=CC2=NC=CC(=C2C=C1C(=O)N)OC3=CC(=C(C=C3)NC(=O)NC4CC4)Cl
Nintedanib,CN1CCN(CC1)CC(=O)N(C)C2=CC=C(C=C2)N=C(C3=CC=CC=C3)C4=C(NC5=C4C=CC(=C5)C(=O)OC)O
Ancestim,N/A
Technetium Tc-99m oxidronate,C(O)(P(=O)(O)O)P(=O)(O)O.[99Tc]
Sonidegib,C[C@@H]1CN(C[C@@H](O1)C)C2=NC=C(C=C2)NC(=O)C3=CC=CC(=C3C)C4=CC=C(C=C4)OC(F)(F)F
Tegafur,C1CC(OC1)N2C=C(C(=O)NC2=O)F
Gimeracil,C1=C(C(=CNC1=O)Cl)O
Technetium Tc-99m tilmanocept,N/A
Choline C 11,C[N+](C)([11CH3])CCO
Rolapitant,C[C@H](C1=CC(=CC(=C1)C(F)(F)F)C(F)(F)F)OC[C@]2(CC[C@]3(CCC(=O)N3)CN2)C4=CC=CC=C4
Iodide I-131,[131I-]
Tegafur-uracil,C1CC(OC1)N2C=C(C(=O)NC2=O)F.C1=CNC(=O)NC1=O
Osimertinib,CN1C=C(C2=CC=CC=C21)C3=NC(=NC=C3)NC4=C(C=C(C(=C4)NC(=O)C=C)N(C)CCN(C)C)OC
Technetium Tc-99m nofetumomab merpentan,N/A
Tipiracil,C1CC(=N)N(C1)CC2=C(C(=O)NC(=O)N2)Cl
Esterified estrogens,N/A
Technetium Tc-99m sulfur colloid,S1SSSSSSS1.[99Tc]
Thiosulfuric acid,OS(=O)(=S)O
Fludeoxyglucose (18F),C([C@@H]1[C@H]([C@@H]([C@H]([C@H](O1)O)[18F])O)O)O
Necitumumab,N/A
Choline C-11,C[N+](C)([11CH3])CCO
Bacillus calmette-guerin substrain connaught live antigen,N/A
Octisalate,CCCCC(CC)COC(=O)C1=CC=CC=C1O
Homosalate,CC1CC(CC(C1)(C)C)OC(=O)C2=CC=CC=C2O
Sulisobenzone,COC1=C(C=C(C(=C1)O)C(=O)C2=CC=CC=C2)S(=O)(=O)O
Tocopherol,CC1=C(C=C2CCC(OC2=C1C)(C)CCCC(C)CCCC(C)CCCC(C)C)O
Hexylresorcinol,CCCCCCC1=C(C=C(C=C1)O)O
Alectinib,CCC1=CC2=C(C=C1N3CCC(CC3)N4CCOCC4)C(C5=C(C2=O)C6=C(N5)C=C(C=C6)C#N)(C)C
Roquinimex,CN1C2=CC=CC=C2C(=C(C1=O)C(=O)N(C)C3=CC=CC=C3)O
Venetoclax,CC1(CCC(=C(C1)C2=CC=C(C=C2)Cl)CN3CCN(CC3)C4=CC(=C(C=C4)C(=O)NS(=O)(=O)C5=CC(=C(C=C5)NCC6CCOCC6)[N+](=O)[O-])OC7=CN=C8C(=C7)C=CN8)C
Atezolizumab,N/A
Levoleucovorin,C1[C@@H](N(C2=C(N1)N=C(NC2=O)N)C=O)CNC3=CC=C(C=C3)C(=O)N[C@@H](CCC(=O)O)C(=O)O
Myrrh,N/A
Tasonermin,N/A
Hepatitis B Vaccine (Recombinant),N/A
Temoporfin,C1CC2=NC1=C(C3=CC=C(N3)C(=C4C=CC(=N4)C(=C5C=CC(=C2C6=CC(=CC=C6)O)N5)C7=CC(=CC=C7)O)C8=CC(=CC=C8)O)C9=CC(=CC=C9)O
Vinflunine,CC[C@@]12C=CCN3[C@@H]1[C@]4(CC3)[C@H]([C@]([C@@H]2OC(=O)C)(C(=O)OC)O)N(C5=CC(=C(C=C45)[C@]6(C[C@@H]7C[C@H](CN(C7)CC8=C6NC9=CC=CC=C89)C(C)(F)F)C(=O)OC)OC)C
Tucatinib,CC1=C(C=CC(=C1)NC2=NC=NC3=C2C=C(C=C3)NC4=NC(CO4)(C)C)OC5=CC6=NC=NN6C=C5
Fruquintinib,CC1=C(C2=C(O1)C=C(C=C2)OC3=NC=NC4=CC(=C(C=C43)OC)OC)C(=O)NC
Durvalumab,N/A
Encorafenib,C[C@@H](CNC1=NC=CC(=N1)C2=CN(N=C2C3=C(C(=CC(=C3)Cl)NS(=O)(=O)C)F)C(C)C)NC(=O)OC
Ribociclib,CN(C)C(=O)C1=CC2=CN=C(N=C2N1C3CCCC3)NC4=NC=C(C=C4)N5CCNCC5
Galactose,C([C@@H]1[C@@H]([C@@H]([C@H](C(O1)O)O)O)O)O
Icotinib,C#CC1=CC(=CC=C1)NC2=NC=NC3=CC4=C(C=C32)OCCOCCOCCO4
Talazoparib,CN1C(=NC=N1)[C@@H]2[C@H](NC3=CC(=CC4=C3C2=NNC4=O)F)C5=CC=C(C=C5)F
Tremelimumab,N/A
Capmatinib,CNC(=O)C1=C(C=C(C=C1)C2=NN3C(=CN=C3N=C2)CC4=CC5=C(C=C4)N=CC=C5)F
Niraparib,C1C[C@H](CNC1)C2=CC=C(C=C2)N3C=C4C=CC=C(C4=N3)C(=O)N
Tivozanib,CC1=CC(=NO1)NC(=O)NC2=C(C=C(C=C2)OC3=C4C=C(C(=CC4=NC=C3)OC)OC)Cl
Neratinib,CCOC1=C(C=C2C(=C1)N=CC(=C2NC3=CC(=C(C=C3)OCC4=CC=CC=N4)Cl)C#N)NC(=O)/C=C/CN(C)C
Relugolix,CN(C)CC1=C(SC2=C1C(=O)N(C(=O)N2CC3=C(C=CC=C3F)F)C4=NN=C(C=C4)OC)C5=CC=C(C=C5)NC(=O)NOC
Infigratinib,CCN1CCN(CC1)C2=CC=C(C=C2)NC3=CC(=NC=N3)N(C)C(=O)NC4=C(C(=CC(=C4Cl)OC)OC)Cl
Apalutamide,CNC(=O)C1=C(C=C(C=C1)N2C(=S)N(C(=O)C23CCC3)C4=CC(=C(N=C4)C#N)C(F)(F)F)F
Avelumab,N/A
Dacomitinib,COC1=C(C=C2C(=C1)N=CN=C2NC3=CC(=C(C=C3)F)Cl)NC(=O)/C=C/CN4CCCCC4
Binimetinib,CN1C=NC2=C1C=C(C(=C2F)NC3=C(C=C(C=C3)Br)F)C(=O)NOCCO
Glasdegib,CN1CC[C@H](C[C@@H]1C2=NC3=CC=CC=C3N2)NC(=O)NC4=CC=C(C=C4)C#N
Entrectinib,CN1CCN(CC1)C2=CC(=C(C=C2)C(=O)NC3=NNC4=C3C=C(C=C4)CC5=CC(=CC(=C5)F)F)NC6CCOCC6
Abemaciclib,CCN1CCN(CC1)CC2=CN=C(C=C2)NC3=NC=C(C(=N3)C4=CC5=C(C(=C4)F)N=C(N5C(C)C)C)F
Nirogacestat,CCC[C@@H](C(=O)NC1=CN(C=N1)C(C)(C)CNCC(C)(C)C)N[C@H]2CCC3=C(C2)C(=CC(=C3)F)F
Alpelisib,CC1=C(SC(=N1)NC(=O)N2CCC[C@H]2C(=O)N)C3=CC(=NC=C3)C(C)(C)C(F)(F)F
Lorlatinib,C[C@@H]1C2=C(C=CC(=C2)F)C(=O)N(CC3=NN(C(=C3C4=CC(=C(N=C4)N)O1)C#N)C)C
Gilteritinib,CCC1=C(N=C(C(=N1)C(=O)N)NC2=CC(=C(C=C2)N3CCC(CC3)N4CCN(CC4)C)OC)NC5CCOCC5
Erdafitinib,CC(C)NCCN(C1=CC2=NC(=CN=C2C=C1)C3=CN(N=C3)C)C4=CC(=CC(=C4)OC)OC
Capivasertib,C1CN(CCC1(C(=O)N[C@@H](CCO)C2=CC=C(C=C2)Cl)N)C3=NC=NC4=C3C=CN4
Stem bromelain,N/A
Brigatinib,CN1CCN(CC1)C2CCN(CC2)C3=CC(=C(C=C3)NC4=NC=C(C(=N4)NC5=CC=CC=C5P(=O)(C)C)Cl)OC
Radotinib,CC1=C(C=C(C=C1)C(=O)NC2=CC(=CC(=C2)C(F)(F)F)N3C=C(N=C3)C)NC4=NC=CC(=N4)C5=NC=CN=C5
Cantharidin,C[C@@]12[C@H]3CC[C@@H]([C@@]1(C(=O)OC2=O)C)O3
Rucaparib,CNCC1=CC=C(C=C1)C2=C3CCNC(=O)C4=C3C(=CC(=C4)F)N2
Alvespimycin,C[C@H]1C[C@@H]([C@@H]([C@H](/C=C(/[C@@H]([C@H](/C=C\C=C(\C(=O)NC2=CC(=O)C(=C(C1)C2=O)NCCN(C)C)/C)OC)OC(=O)N)\C)C)O)OC
Mirvetuximab soravtansine,C[C@@H]1[C@@H]2C[C@]([C@@H](/C=C/C=C(/CC3=CC(=C(C(=C3)OC)Cl)N(C(=O)C[C@@H]([C@]4([C@H]1O4)C)OC(=O)[C@H](C)N(C)C(=O)CCC(C)(C)SSCCC(C(=O)N)S(=O)(=O)O)C)\C)OC)(NC(=O)O2)O
Lurbinectedin,CC1=CC2=C([C@@H]3[C@@H]4[C@H]5C6=C(C(=C7C(=C6[C@@H](N4[C@H]([C@H](C2)N3C)O)COC(=O)[C@@]8(CS5)C9=C(CCN8)C2=C(N9)C=CC(=C2)OC)OCO7)C)OC(=O)C)C(=C1OC)O
Moxetumomab pasudotox,N/A
Amuvatinib,C1CN(CCN1C2=NC=NC3=C2OC4=CC=CC=C43)C(=S)NCC5=CC6=C(C=C5)OCO6
Quizartinib,CC(C)(C)C1=CC(=NO1)NC(=O)NC2=CC=C(C=C2)C3=CN4C5=C(C=C(C=C5)OCCN6CCOCC6)SC4=N3
Tazemetostat,CCN(C1CCOCC1)C2=CC(=CC(=C2C)C(=O)NCC3=C(C=C(NC3=O)C)C)C4=CC=C(C=C4)CN5CCOCC5
Sacituzumab govitecan,CCC1=C2CN3C(=CC4=C(C3=O)COC(=O)[C@@]4(CC)OC(=O)OCC5=CC=C(C=C5)NC(=O)[C@H](CCCCN)NC(=O)COCC(=O)NCCOCCOCCOCCOCCOCCOCCOCCOCCN6C=C(N=N6)CNC(=O)C7CCC(CC7)CN8C(=O)CC(C8=O)SC[C@@H](C(=O)O)N)C2=NC9=C1C=C(C=C9)O
Darolutamide,C[C@@H](CN1C=CC(=N1)C2=CC(=C(C=C2)C#N)Cl)NC(=O)C3=NNC(=C3)C(C)O
Pexidartinib,C1=CC(=NC=C1CC2=CNC3=C2C=C(C=N3)Cl)NCC4=CN=C(C=C4)C(F)(F)F
Enfortumab vedotin,N/A
Lenograstim,N/A
Nedaplatin,C(C(=O)[O-])[O-].N.N.[Pt+2]
Fluciclovine (18F),C1C(CC1(C(=O)O)N)[18F]
Olmutinib,CN1CCN(CC1)C2=CC=C(C=C2)NC3=NC4=C(C(=N3)OC5=CC=CC(=C5)NC(=O)C=C)SC=C4
Inositol,C1(C(C(C(C(C1O)O)O)O)O)O
Lipegfilgrastim,CC(C(C(=O)O)N)OC1C(C(C(C(O1)COC2(CC(C(C(O2)C(C(CO)O)O)NC(=O)CNC(=O)OCCOC)O)C(=O)O)O)O)NC(=O)C
Mifamurtide,CCCCCCCCCCCCCCCC(=O)OC[C@H](COP(=O)([O-])OCCNC(=O)[C@H](C)NC(=O)CC[C@H](C(=O)N)NC(=O)[C@H](C)NC(=O)[C@@H](C)O[C@H]([C@H](C=O)NC(=O)C)[C@@H]([C@@H](CO)O)O)OC(=O)CCCCCCCCCCCCCCC.O.[Na+]
Glycyrrhizic acid,C[C@]12CC[C@](C[C@H]1C3=CC(=O)[C@@H]4[C@]5(CC[C@@H](C([C@@H]5CC[C@]4([C@@]3(CC2)C)C)(C)C)O[C@@H]6[C@@H]([C@H]([C@@H]([C@H](O6)C(=O)O)O)O)O[C@H]7[C@@H]([C@H]([C@@H]([C@H](O7)C(=O)O)O)O)O)C)(C)C(=O)O
Anethole trithione,COC1=CC=C(C=C1)C2=CC(=S)SS2
Dotatate gallium Ga-68,C[C@H]([C@H]1C(=O)N[C@@H](CSSC[C@@H](C(=O)N[C@H](C(=O)N[C@@H](C(=O)N[C@H](C(=O)N1)CCCCN)CC2=CNC3=CC=CC=C32)CC4=CC=C(C=C4)O)NC(=O)[C@@H](CC5=CC=CC=C5)NC(=O)CN6CCN(CCN(CCN(CC6)CC(=O)[O-])CC(=O)[O-])CC(=O)[O-])C(=O)N[C@@H]([C@@H](C)O)C(=O)O)O.[Ga+3]
Testosterone cypionate,C[C@]12CC[C@H]3[C@H]([C@@H]1CC[C@@H]2OC(=O)CCC4CCCC4)CCC5=CC(=O)CC[C@]35C
Testosterone enanthate,CCCCCCC(=O)O[C@H]1CC[C@@H]2[C@@]1(CC[C@H]3[C@H]2CCC4=CC(=O)CC[C@]34C)C
Testosterone undecanoate,CCCCCCCCCCC(=O)O[C@H]1CC[C@@H]2[C@@]1(CC[C@H]3[C@H]2CCC4=CC(=O)CC[C@]34C)C
Estradiol valerate,CCCCC(=O)O[C@H]1CC[C@@H]2[C@@]1(CC[C@H]3[C@H]2CCC4=C3C=CC(=C4)O)C
Patent Blue,CCN(CC)C1=CC=C(C=C1)C(=C2C=CC(=[N+](CC)CC)C=C2)C3=C(C=C(C=C3)S(=O)(=O)[O-])S(=O)(=O)[O-].[Na+]
Lutetium Lu 177 dotatate,C[C@H]([C@H]1C(=O)N[C@@H](CSSC[C@@H](C(=O)N[C@H](C(=O)N[C@@H](C(=O)N[C@H](C(=O)N1)CCCCN)CC2=CNC3=CC=CC=C32)CC4=CC=C(C=C4)O)NC(=O)[C@@H](CC5=CC=CC=C5)NC(=O)CN6CCN(CCN(CCN(CC6)CC(=O)[O-])CC(=O)[O-])CC(=O)[O-])C(=O)N[C@@H]([C@@H](C)O)C(=O)O)O.[177Lu+3]
alpha-Tocopherol succinate,CC1=C(C(=C(C2=C1O[C@](CC2)(C)CCC[C@H](C)CCC[C@H](C)CCCC(C)C)C)OC(=O)CCC(=O)O)C
D-alpha-Tocopherol acetate,CC1=C(C(=C(C2=C1O[C@](CC2)(C)CCC[C@H](C)CCC[C@H](C)CCCC(C)C)C)OC(=O)C)C
alpha-Tocopherol acetate,CC1=C(C(=C(C2=C1O[C@](CC2)(C)CCC[C@H](C)CCC[C@H](C)CCCC(C)C)C)OC(=O)C)C
Nabiximols,CCCCCC1=CC(=C(C(=C1)O)[C@@H]2C=C(CC[C@H]2C(=C)C)C)O.CCCCCC1=CC(=C2[C@@H]3C=C(CC[C@H]3C(OC2=C1)(C)C)C)O
Fosnetupitant,CC1=CC=CC=C1C2=CC(=NC=C2N(C)C(=O)C(C)(C)C3=CC(=CC(=C3)C(F)(F)F)C(F)(F)F)N4CC[N+](CC4)(C)COP(=O)(O)[O-]
Gallium chloride Ga-67,[Cl-].[Cl-].[Cl-].[67Ga+3]
Ivosidenib,C1CC(=O)N([C@@H]1C(=O)N(C2=CC(=CN=C2)F)[C@@H](C3=CC=CC=C3Cl)C(=O)NC4CC(C4)(F)F)C5=NC=CC(=C5)C#N
Drostanolone propionate,CCC(=O)O[C@H]1CC[C@@H]2[C@@]1(CC[C@H]3[C@H]2CC[C@@H]4[C@@]3(C[C@H](C(=O)C4)C)C)C
Cemiplimab,N/A
Larotrectinib,C1C[C@@H](N(C1)C2=NC3=C(C=NN3C=C2)NC(=O)N4CC[C@@H](C4)O)C5=C(C=CC(=C5)F)F
Calaspargase pegol,N/A
Piflufolastat F 18,C1=CC(=NC=C1C(=O)NCCCC[C@@H](C(=O)O)NC(=O)N[C@@H](CCC(=O)O)C(=O)O)[18F]
Ripretinib,CCN1C2=CC(=NC=C2C=C(C1=O)C3=CC(=C(C=C3Br)F)NC(=O)NC4=CC=CC=C4)NC
Relatlimab,N/A
Tislelizumab,N/A
Trastuzumab deruxtecan,N/A
Margetuximab,N/A
Eflapegrastim,N/A
Toripalimab,N/A
Pemigatinib,CCN1C2=C3C=C(NC3=NC=C2CN(C1=O)C4=C(C(=CC(=C4F)OC)OC)F)CN5CCOCC5
Zolbetuximab,N/A
Tepotinib,CN1CCC(CC1)COC2=CN=C(N=C2)C3=CC=CC(=C3)CN4C(=O)C=CC(=N4)C5=CC=CC(=C5)C#N
Futibatinib,COC1=CC(=CC(=C1)C#CC2=NN(C3=NC=NC(=C23)N)[C@H]4CCN(C4)C(=O)C=C)OC
Inavolisib,C[C@@H](C(=O)N)NC1=CC2=C(C=C1)C3=NC(=CN3CCO2)N4[C@@H](COC4=O)C(F)F
Pafolacianine,CC1(C2=C(C=CC(=C2)S(=O)(=O)[O-])[N+](=C1/C=C/C3=C(/C(=C/C=C/4\C(C5=C(N4CCCCS(=O)(=O)O)C=CC(=C5)S(=O)(=O)O)(C)C)/CCC3)OC6=CC=C(C=C6)C[C@@H](C(=O)O)NC(=O)C7=CC=C(C=C7)NCC8=CN=C9C(=N8)C(=O)NC(=N9)N)CCCCS(=O)(=O)O)C
Trilaciclib,CN1CCN(CC1)C2=CN=C(C=C2)NC3=NC=C4C=C5C(=O)NCC6(N5C4=N3)CCCCC6
Belzutifan,CS(=O)(=O)C1=C2[C@@H]([C@@H]([C@@H](C2=C(C=C1)OC3=CC(=CC(=C3)C#N)F)F)F)O
Tallimustine,CN1C=C(C=C1C(=O)NC2=CN(C(=C2)C(=O)NC3=CN(C(=C3)C(=O)NCCC(=N)N)C)C)NC(=O)C4=CC=C(C=C4)N(CCCl)CCCl
Zanidatamab,N/A
Edotreotide gallium Ga-68,C[C@H]([C@H]1C(=O)N[C@@H](CSSC[C@@H](C(=O)N[C@H](C(=O)N[C@@H](C(=O)N[C@H](C(=O)N1)CCCCN)CC2=CNC3=CC=CC=C32)CC4=CC=C(C=C4)O)NC(=O)[C@@H](CC5=CC=CC=C5)NC(=O)CN6CCN(CCN(CCN(CC6)CC(=O)[O-])CC(=O)[O-])CC(=O)[O-])C(=O)N[C@H](CO)[C@@H](C)O)O.[68Ga+3]
Adagrasib,CN1CCC[C@H]1COC2=NC3=C(CCN(C3)C4=CC=CC5=C4C(=CC=C5)Cl)C(=N2)N6CCN([C@H](C6)CC#N)C(=O)C(=C)F
Sotorasib,C[C@H]1CN(CCN1C2=NC(=O)N(C3=NC(=C(C=C32)F)C4=C(C=CC=C4F)O)C5=C(C=CN=C5C(C)C)C)C(=O)C=C
Padeliporfin,[H+].[H+].CC[C@@H]1[C@H](C2=NC1=CC3=C(C(=C([N-]3)C(=C4[C@H]([C@@H](C(=N4)C=C5C(=C(C(=C2)[N-]5)C(=O)C)C)C)CCC(=O)[O-])CC(=O)OC)C(=O)NCCS(=O)(=O)[O-])C)C.[Pd+2]
Dostarlimab,N/A
Selpercatinib,CC(C)(COC1=CN2C(=C(C=N2)C#N)C(=C1)C3=CN=C(C=C3)N4CC5CC(C4)N5CC6=CN=C(C=C6)OC)O
Fluoroestradiol F-18,C[C@]12CC[C@H]3[C@H]([C@@H]1C[C@H]([C@@H]2O)[18F])CCC4=C3C=CC(=C4)O
Retifanlimab,N/A
Pralsetinib,CC1=CC(=NN1)NC2=NC(=NC(=C2)C)C3CCC(CC3)(C(=O)N[C@@H](C)C4=CN=C(C=C4)N5C=C(C=N5)F)OC
Copper oxodotreotide Cu-64,C[C@H]([C@H]1C(=O)N[C@@H](CSSC[C@@H](C(=O)N[C@H](C(=O)N[C@@H](C(=O)N[C@H](C(=O)N1)CCCCN)CC2=CNC3=CC=CC=C32)CC4=CC=C(C=C4)O)NC(=O)[C@@H](CC5=CC=CC=C5)NC(=O)CN6CCN(CCN(CCN(CC6)CC(=O)[O-])CC(=O)[O-])CC(=O)O)C(=O)N[C@@H]([C@@H](C)O)C(=O)O)O.[64Cu+2]
Gallium Ga-68 gozetotide,[H+].C1=CC(=C(C=C1CCC(=O)NCCCCCC(=O)NCCCC[C@@H](C(=O)O)NC(=O)N[C@@H](CCC(=O)O)C(=O)O)CN(CCN(CC2=C(C=CC(=C2)CCC(=O)O)[O-])CC(=O)[O-])CC(=O)[O-])[O-].[68Ga+3]
Lazertinib,CN(C)CC1=CN(N=C1C2=CC=CC=C2)C3=NC(=NC=C3)NC4=C(C=C(C(=C4)NC(=O)C=C)N5CCOCC5)OC
Mobocertinib,CC(C)OC(=O)C1=CN=C(N=C1C2=CN(C3=CC=CC=C32)C)NC4=C(C=C(C(=C4)NC(=O)C=C)N(C)CCN(C)C)OC
Inbakicept,N/A
Lisocabtagene maraleucel,N/A
Bacillus calmette-guerin substrain russian BCG-I live antigen,N/A
Amivantamab,N/A
Tisotumab vedotin,N/A
Lutetium Lu-177 vipivotide tetraxetan,C1CC(CCC1CNC(=O)CN2CCN(CCN(CCN(CC2)CC(=O)[O-])CC(=O)[O-])CC(=O)[O-])C(=O)N[C@@H](CC3=CC4=CC=CC=C4C=C3)C(=O)NCCCC[C@@H](C(=O)O)NC(=O)N[C@@H](CCC(=O)O)C(=O)O.[177Lu+3]
Repotrectinib,C[C@H]1CNC(=O)C2=C3N=C(C=CN3N=C2)N[C@@H](C4=C(O1)C=CC(=C4)F)C
Tarlatamab,N/A
Nadofaragene firadenovec,N/A
Flotufolastat F-18,CC(C)(C)[Si](C1=CC=C(C=C1)C(=O)NC[C@H](C(=O)N[C@H](CCCCNC(=O)CCC(=O)NCCC[C@H](C(=O)O)NC(=O)CC[C@@H](C(=O)O)NC(=O)N[C@@H](CCC(=O)O)C(=O)O)C(=O)O)NC(=O)CC[C@@H](C(=O)O)N2CCN(CCN(CCN(CC2)CC(=O)O)CC(=O)O)CC(=O)O)(C(C)(C)C)[18F]
Afamitresgene autoleucel,N/A
Efbemalenograstim alfa,N/A
Pegulicianine,N/A
Nogapendekin alfa,N/A
